task_id,formula,formation_energy_per_atom,e_above_hull,band_gap
mp-1111158,K3TaI6,-0.885879044,0.198583464,0
mp-28929,DySI,-2.043336415,0,2.7811
mp-766313,BaCa2I6,-1.634190971,0.062747603,3.6009
mp-1111178,K3AsI6,-0.874470878,0.102393513,2.0463
mp-645425,Pr7C3I10,-1.173168608,0,0
mp-1120768,CsPbI3,-1.02732539,0.015739539,1.6479
mp-1207914,USnI6,-0.685435929,0.021561732,0.0676
mp-1212017,K2LaI5,-1.532487225,0,2.7388
mp-23062,YCI,-0.862814333,0,0
mp-30951,CsTi2I7,-0.842803842,0.111004249,0.1902
mp-1207197,Tb2CI,-0.770415352,0,0
mp-1214080,Ca3SbI3,-1.441503452,0,1.6899
mp-29212,Tl4PbI6,-0.663871268,0.01588487,2.3274
mp-570470,CeSmI4,-1.156364425,0.082100902,0
mp-570779,Pr3OsI3,-0.963183029,0,0.1994
mp-580597,CsCrI3,-0.811120294,0.052695305,0.2212
mp-766324,BaCaI4,-1.65851556,0.064027266,3.1404
mp-23520,InPb2I5,-0.567185595,0.056452423,1.8615
mp-1178516,BaSr2I6,-1.732426066,0.01036438,3.8972
mp-1214632,Ba3SbI3,-1.589648727,0,1.4047
mp-616218,Cd(In2I3)2,-0.494560493,0.007647841,1.5384
mp-1112169,KInI3,-0.830844093,0.075882271,0
mp-1190087,CsLiI2,-1.35587906,0.036198137,3.7214
mp-23060,Cs2PtI6,-0.823044447,0,0.6484
mp-675194,Te21(Mo3I11)2,0.074037599,0.303446037,0.1732
mp-756131,Sr2CaI6,-1.666193221,0.02638378,3.6484
mp-1096526,CsRbI2,-1.128949084,0.39068959,3.7239
mp-607987,CsInI4,-0.911237937,0,2.2731
mp-754572,BaCa2I6,-1.648427826,0.048510747,3.499
mp-1188900,Tb7RuI12,-1.229023741,0,0
mp-1202969,Tc3Se4I,-0.541427621,0,0.7966
mp-1208219,Tl3SnI5,-0.606248398,0.019027917,2.4379
mp-1209403,RbFeI4,-0.64619511,0,0.5624
mp-1212552,Ge12As11I4,-0.043712436,0.070601864,0
mp-1221924,Mn2CrI6,-0.397674717,0.033889371,0
mp-573321,TePdI2,-0.245405919,0.018826299,0.5268
mp-1178521,BaLaI5,-1.615189773,0.043079293,2.0842
mp-1207331,TbSeI,1.327400082,2.985457188,0.0647
mp-1208143,Tl4SnI6,-0.623668101,0.011813669,2.1932
mp-1208330,TbSI,-1.694529707,0.297852492,1.2289
mp-1215087,Ag3SI3,0.843955405,1.087844038,0.3372
mp-28538,SiH3I,-0.191648695,0,4.1943
mp-677262,KInI4,-0.818695367,0.01271467,2.5931
mp-28745,Nb2Te6I,-0.380532652,0,0.6361
mp-29450,CuSe3I,-0.093880452,0,1.0589
mp-30532,Tl2ZnI4,-0.654977146,0,2.9405
mp-540957,Cs2TeI6,-0.823481579,0,1.3886
mp-569118,Cs3MnI5,-1.217667644,0,2.2911
mp-621932,K(Zr3I7)2,-0.495078027,0.471035709,0
mp-756509,BaLaI5,-1.588952167,0.069316899,2.6608
mp-757070,BaCaI4,-1.632156976,0.09038585,3.0451
mp-570873,Nb(Te2I3)2,-0.27751691,0,0.7654
mp-1112654,Cs3AlI6,-1.13459067,0.063416076,2.107
mp-571404,Hg3(SeI)2,-0.261772527,0.004514098,1.1259
mp-752695,SrCa2I6,-1.623219593,0.046431472,3.6748
mp-756451,CaPbI4,-1.159386072,0.001401727,2.8881
mp-772160,SrLaI5,-1.530516648,0.091389114,2.1847
mp-1178504,BaSrI4,-1.731507272,0.025424458,3.6159
mp-1206203,YbSeI,0.79579483,2.32859386,0.047
mp-571647,La2PI2,-1.613020795,0,0
mp-752450,Ba2SrI6,-1.672847764,0.098225251,2.5702
mp-1211993,K2FeI4,-0.89690776,0,0
mp-569670,LaNdI4,-1.258594939,0.115496499,0
mp-755061,SrCaI4,-1.620286649,0.061324915,3.7126
mp-1112949,Cs3TlI6,-0.976138301,0.112848547,0.8173
mp-29398,Cs2HfI6,-1.262441968,0,2.206
mp-569380,BaCeI4,-1.530503637,0,0
mp-608106,P4S3I2,-0.349471444,0.017093748,1.7917
mp-1096983,H3CI,-0.165412257,0.117316037,4.2735
mp-1106187,Er7FeI12,-1.164937697,0,0
mp-1205536,La2Os2I,-0.610482717,0,0
mp-1211500,La10Al5I8,-0.944845096,0.011465577,0
mp-27517,Rb2CoI4,-0.885099069,0,0.5542
mp-675987,Ag7(SI)2,-0.085228966,0.169937262,0
mp-756245,BaYI5,-1.495884133,0.098269918,2.1035
mp-1188535,Y6NiI10,-1.221607778,0,0.5399
mp-27370,P10Au7I,-0.127426638,0.013523619,0.5754
mp-754925,BaLaI5,-1.599569649,0.058699417,2.5083
mp-766317,Ba2CaI6,-1.707376728,0.040770351,3.8409
mp-31279,Rb4P21I,-0.303616578,0,1.4267
mp-780454,SrCa2I6,-1.631825175,0.037825891,3.7009
mp-23485,Ag2HgI4,-0.30283041,0,1.2206
mp-31280,K4P21I,-0.302574418,0,1.3384
mp-568836,Ba3GeI2,-1.217335729,0,0.0073
mp-646295,La8Al4I7,-0.990390514,0.002273161,0
mp-1209378,Pr4OsI5,-1.078899032,0,0
mp-1211977,K2CoI4,-0.868789928,0,0.6485
mp-28043,Tl3AgI5,-0.492583863,0.025432817,1.0507
mp-755350,BaLaI5,-1.63188708,0.026381985,2.3535
mp-1205323,Tb6OsI10,-1.214777773,0,0.0428
mp-1238789,CsPb2I5,-0.867696348,0.037477607,1.935
mp-505148,ThPbI6,-0.994451454,0.033925932,2.4192
mp-541032,Te7As5I,-0.00957933,0.02832283,0.3403
mp-642690,CsGeI3,-0.833519028,0.007841976,1.7002
mp-1211784,KBa2I5,-1.727842808,0,3.7099
mp-1215073,Ag12SI,1.584448173,1.684692048,0.4024
mp-755056,CaPbI4,-1.110299346,0.050488453,2.628
mp-1173025,Ag3SI,-0.207428436,0.073254415,0.313
mp-1211402,La3SiI3,-1.27060853,0,0
mp-1221298,Na2UI6,-1.014992188,0.029384872,0.192
mp-29288,TlGeI3,-0.464725405,0.013581427,1.9336
mp-569225,Mo6PbI14,-0.434970848,0,1.8469
mp-1206578,InAgI2,-0.128614461,0.25805176,0
mp-1209965,NbSI,-1.064550302,0.012737481,0
mp-30946,Ga2PdI8,-0.437389798,0,1.4223
mp-1190279,Tb7RhI12,-1.263453228,0,0.1529
mp-1214100,Ca2HI2,-0.321468442,0.873283419,0
mp-567844,Gd2Fe2I,-0.525007741,0,0
mp-570303,KTmI3,-1.177824882,0.134106797,0
mp-771922,Ba3YI9,-1.626893013,0.061969437,2.8353
mp-1209423,RbBa2I5,-1.737867466,0,3.771
mp-27577,Cd2As3I,-0.218776707,0.001015264,0.7476
mp-768734,Sr2CaI6,-1.626208245,0.066368757,3.5508
mp-1097360,Ba2SbI,-0.170940472,1.179351055,0.8293
mp-1189258,Y6PtI10,-1.321329298,0,0.7181
mp-1101363,Sr3CaI8,-1.617939019,0.080120701,2.9305
mp-1192762,Ce3IrI3,-1.082949165,0,0
mp-1205876,CsSmI3,-1.297498805,0.068019814,0
mp-1206235,PrSiI,-1.07202112,0,0
mp-504805,Cs(Zr3I7)2,-0.920593046,0.053053011,0
mp-27272,Ca3PI3,-1.525234638,0,2.1548
mp-27393,AlPd5I2,-0.427658995,0.003060002,0
mp-568493,In3SnI5,-0.478694217,0.00034923,2.0208
mp-755678,Ca(LaI4)2,-1.483001184,0.094891872,2.4691
mp-755770,Ba2LaI7,-1.6364368,0.064158221,1.8583
mp-23415,TlFeI3,-0.157210639,0.175580757,0
mp-676430,Ag9(SI)4,-0.167646715,0.0889501,0
mp-676553,RbCrI3,-0.763933562,0.062927699,0
mp-1111318,K3TlI6,-0.881276177,0.152022918,0.4794
mp-1213956,CaUI6,-1.088812985,0.050077669,0.2174
mp-23380,Tl3PbI5,-0.65431571,0.025073721,2.6118
mp-27741,TeAuI,-0.137425963,0,1.0295
mp-567729,La7C3I10,-1.264487997,0,0
mp-1211238,La2SbI2,-1.441252083,0,0
mp-567325,Tl4CrI6,-0.552627817,0.047726355,0
mp-753610,BaCaI4,-1.644898647,0.077644179,3.5646
mp-756578,LaMgI5,-1.327824643,0.014744466,1.9732
mp-1096949,CuGeI3,-0.013716933,0.254505381,0.6909
mp-1195452,Rb3Sb2I9,-0.864433247,0.000882182,1.8792
mp-1207003,La2Cu2I,-0.610957873,0,0
mp-1213177,CsTmI3,-1.19101627,0.205510223,0
mp-1112968,Cs3SbI6,-1.03248513,0.070140119,2.4187
mp-1207211,Tl2SI2,-0.287317155,0.321608284,2.8427
mp-29612,RbEu2I5,-1.5889509,0.001971439,1.2759
mp-29806,Cs2PdI6,-0.786987409,0.011206515,0.5993
mp-30531,Ta2Se8I,-0.527699604,0,0.0197
mp-754517,SrCa2I6,-1.637287727,0.032363339,3.7364
mp-541738,Cs3Cr2I9,-0.910811977,0.014704735,1.0526
mp-1103539,Cs2CdI4,-1.180869627,0,2.8524
mp-1178555,Ba2SrI6,-1.730147435,0.040925579,3.8551
mp-754388,BaSrI4,-1.665295407,0.091636323,3.2826
mp-849802,Ba2YI7,-1.624676951,0.031037559,2.9089
mp-29402,KGaI4,-0.881484342,0,2.6066
mp-29613,CsEu2I5,-1.605475909,0,1.407
mp-568598,Cu2HgI4,-0.230777764,0.00610009,0.298
mp-628606,Rb2PdI6,-0.74553374,0.016993931,0
mp-672346,RbVI3,-0.865372271,0.022385977,0.6301
mp-998417,CsSrI3,-1.636938305,0.033724459,3.8504
mp-1204449,Cs2ZnI4,-1.182143474,0,3.2202
mp-30018,Rb2ZnI4,-1.137200758,0,3.11
mp-30111,BaLaI4,-1.623281745,0,0.1243
mp-569689,Eu2PI,-1.422587168,0,0
mp-1207495,Zr6GeI14,-0.970598802,0,0.9278
mp-752671,Ba2SrI6,-1.75287487,0.018198144,4.0581
mp-772141,Ba2LaI7,-1.675604074,0.024990947,2.5891
mp-1211485,La3AuI3,-1.174582279,0,0
mp-1229122,Ag2HgI4,-0.302490576,0.000339834,1.2734
mp-22996,SbSeI,-0.32226207,0,1.387
mp-29117,Ta3TeI7,-0.451755418,0.006185353,0.548
mp-567967,LiGaI4,-0.754422133,0,2.4872
mp-568928,Rb2FeI4,-0.910099267,0.027090497,0
mp-1206848,Cs2TcI6,-0.792991668,0,0.7191
mp-31045,KAuI3,-0.664766349,0,0.6587
mp-38177,Rb2ZnI3,-0.917995069,0.242315528,0
mp-674981,Ag3SI,-0.217442501,0.06324035,0.2752
mp-684020,Ce12C6I17,-1.083439762,0,0
mp-772883,Ba6Sr11I34,-1.665823646,0.07863048,3.3618
mp-540839,CsPbI3,-1.04306493,0,2.5203
mp-570238,P10Au7I,-0.140950257,0,0.4986
mp-685503,K(Zr3I7)4,-0.7159898,0.229815664,0.0422
mp-768611,Ba3(YI6)2,-1.537627631,0.092738455,2.3958
mp-1106074,Y6CoI10,-1.209280918,0,0.175
mp-1206803,Y2CI2,-0.985446194,0.003877518,0.4887
mp-23517,RbPbI3,-1.006712972,0,2.4562
mp-1192894,Cs2CoI4,-0.932376846,0,0.6318
mp-1207461,Zr6PI14,-1.036473647,0,0
mp-23382,Y4CI5,-1.124610347,0,0
mp-29824,La3RuI3,-1.136025774,0,0.0521
mp-541001,LiInI4,-0.750988821,0,2.2465
mp-616641,K2UI5,-1.1615933,0.005639902,0.3168
mp-1080544,GdSI,-1.541637266,0.501259289,0.8946
mp-1181918,Cs3Li2I5,-1.407472445,0.015878688,3.7435
mp-1206872,HoSeI,1.31030138,2.964419489,0.0762
mp-23435,Bi2TeI,-0.250322188,0.026906181,0.0188
mp-556135,GdSI,-2.042896555,0,1.5051
mp-685512,Ag15Bi7I40,-0.203868589,0.151947558,0
mp-754630,BaSrI4,-1.685909411,0.071022319,3.4665
mp-23488,Tl5Se2I,-0.450558262,0,0.7098
mp-540822,Cs3Zr2I9,-1.224061492,0,0.3978
mp-756725,Ba2CaI6,-1.74127497,0.006872109,3.5732
mp-1080534,Cs2Li3I5,-1.349301793,0.011501466,3.8632
mp-1207267,Pr4CoI5,-1.067417665,0,0.3113
mp-28458,ErSeI,-1.68922815,0,2.309
mp-673825,Ag3SI,-0.209881353,0.070801498,0.4249
mp-1101357,SrCa2I6,-1.587753424,0.081897642,3.5626
mp-1206662,Cs2TiI6,-1.129365731,0,0.8823
mp-23431,CsCu2I3,-0.624568763,0.0042752,1.9006
mp-567858,Dy12C6I17,-1.130820964,0.004482668,0
mp-31322,La6OsI10,-1.347365276,0,0
mp-676315,Y2GeI2,-1.241981675,0,0.2055
mp-754199,BaSrI4,-1.715396811,0.041534919,2.8453
mp-772221,Ba5La3I19,-1.609737108,0.079884517,2.4874
mp-773900,BaCa2I6,-1.621668237,0.075270337,3.6368
mp-1096939,CuGeI3,0.190227707,0.458450021,0.1161
mp-28590,Hg4As2I3,-0.169046502,0.003006575,0.6589
mp-1223222,La4C2I5,-1.192119891,0,0
mp-686149,Ag15(BiI4)16,-0.374572792,0.040682394,0
mp-771691,CaPbI6,-0.790301713,0.080289137,1.783
mp-775932,Ba2YI7,-1.564717041,0.09099747,2.4686
mp-1018731,HoSI,-2.041810956,0,2.7208
mp-1096932,Cu2GeI6,0.483744621,0.712673359,0
mp-1178538,BaCaI4,-1.670684613,0.051858214,3.2684
mp-28070,Rb2TeI6,-0.771283367,0,1.6459
mp-614013,CsSnI3,-0.949544822,0.006791635,0.4649
mp-676561,Ag3SI,-0.216878113,0.063804738,0.3466
mp-772080,BaLaI5,-1.580922696,0.077346369,2.5826
mp-1207919,UGeI6,-0.589535621,0.060796448,0
mp-30216,K2ReI6,-0.648363424,0.045117636,0.8526
mp-541817,NbSeI3,-0.530193441,0,0.6281
mp-567614,Tb2Co2I,-0.603426946,0,0
mp-570339,Tl4CdI6,-0.643132157,0.014299847,2.1721
mp-676464,Cd3AsI3,-0.448894129,0,0.8399
mp-766310,BaCa2I6,-1.642749263,0.05418931,3.6691
mp-772861,BaSr2I6,-1.710803718,0.031986727,3.2767
mp-28470,Ta7(Te12I5)2,-0.304165123,0.00206838,0
mp-571432,La5C2I9,-1.34412275,0,1.5029
mp-616378,CsSnI3,-0.953411815,0.002924642,0.5537
mp-686119,Ag13(BiI4)14,-0.374359862,0.04066367,0
mp-1104961,Bi8Pt5I3,-0.287319614,0.028424673,0
mp-1205726,Y2Co2I,-0.588533199,0,0
mp-29519,KAuI4,-0.553428388,0.00054357,0.3003
mp-567727,Pr2Co2I,-0.56053861,0,0
mp-1209562,Rb2PrI5,-1.490117757,0,3.0842
mp-752397,Ba2SrI6,-1.747369776,0.023703238,3.7685
mp-1211504,KPbI3,-0.988667559,0.013939227,2.4462
mp-1225760,Dy2CI3,-1.160490977,0,0.3607
mp-1226477,Co5Sb15I,-0.131488791,0.063555371,0
mp-1226891,Cd3PI3,-0.438997205,0,1.2931
mp-568627,Rb4TmI6,-1.338973861,0.07005661,0
mp-570597,La2GeI2,-1.300725366,0,0.3777
mp-850305,SrCaI4,-1.591197052,0.090414512,3.713
mp-568666,RbAuI3,-0.67638656,0,0.7082
mp-675122,Na2UI6,-0.958986902,0.085390158,0
mp-1093748,Rb2AuI,-0.469588323,0.403187432,3.1851
mp-768570,Sr2CaI6,-1.605827039,0.086749962,3.3417
mp-23007,SbSI,-0.269164648,0.268211676,0.6906
mp-27552,TlPbI3,-0.666359175,0.011416749,2.1699
mp-685999,Ag4SI,0.027049343,0.260951719,0
mp-1184020,CsLi3I4,-1.302854596,0.011037758,3.765
mp-1197111,Bi20(PtI12)3,-0.423404687,0.005526514,1.1327
mp-28277,K2PrI5,-1.48105501,0,3.0315
mp-1206188,CaTlI3,-1.24390494,0.016095627,3.3432
mp-27528,Cd4As2I3,-0.364704452,0.006281845,1.1726
mp-28835,LiScI3,-1.121873027,0.047814245,0
mp-30189,K5(DyI4)3,-1.367358973,0.020479683,0
mp-766343,Ba2CaI6,-1.710593579,0.0375535,3.6188
mp-851110,Ba9La5I33,-1.66249267,0.031798485,2.0466
mp-28736,Pr4RuI5,-1.106749428,0,0.0004
mp-766288,Ba2CaI6,-1.712957728,0.035189351,3.4924
mp-754852,BaSrI4,-1.735120323,0.021811406,3.3749
mp-766287,BaCa2I6,-1.597510428,0.099428145,3.0889
mp-1205862,RbSrI3,-1.638900078,0,3.7457
mp-1207611,YSI,-1.688095464,0.327033632,1.2717
mp-28862,Y6RuI10,-1.215905102,0,0
mp-29403,GaCuI4,-0.414059255,0,1.7081
mp-30223,La2Fe2I,-0.49909534,0,0
mp-1214087,Ca3AsI3,-1.52995379,0,1.9918
mp-37163,Ag2HgI4,-0.201058762,0.101771649,0.0917
mp-776463,Ba3(YI6)2,-1.555244439,0.075121647,2.6277
mp-1208807,Sr3SbI3,-1.530385148,0,1.6765
mp-570039,La12Fe2I17,-1.219582644,0,0
mp-570360,RbNd2I5,-1.219814123,0.13710136,0
mp-754212,BaSr2I6,-1.728488069,0.014302376,3.9768
mp-570723,La5Si5I3,-1.032244023,0,0
mp-753460,BaCa2I6,-1.647189028,0.049749546,3.8794
mp-754710,Sr2CaI6,-1.651914446,0.040662555,3.6671
mp-1101345,SrCaI4,-1.593354813,0.088256751,2.8195
mp-1206751,DySeI,1.323708979,2.969862496,0.0658
mp-1211886,K2NdI5,-1.474560658,0,3.0195
mp-23514,BiSI,-0.62362074,0.002827083,1.8596
mp-768426,Ba2YI7,-1.583131592,0.072582919,2.638
mp-23410,Nb3Se12I,-0.563129558,0,0.0742
mp-27375,Tl4HgI6,-0.557300566,0.02437403,1.1909
mp-30220,Ba3P3I2,-1.268961265,0.002310575,0
mp-567775,La10C4I15,-1.29151142,0,0
mp-772022,Sr2LaI7,-1.570629318,0.079057079,2.6012
mp-772219,BaLaI5,-1.578036624,0.080232441,2.5999
mp-541158,Nb3SI7,-0.68478074,0,0.5544
mp-638650,Pr7FeI12,-1.223372848,0.001499057,0
mp-640578,KTiI3,-0.975497438,0.051308427,0
mp-1192748,Cs3Nb2I9,-0.956359895,0,0.4359
mp-1217385,Te7As5I,-0.026620961,0.011281199,0.5363
mp-28247,K2PtI6,-0.759802929,0,0.866
mp-771568,SrCa2I6,-1.580309968,0.089341098,3.7062
mp-29043,Hg4Sb2I3,-0.185199768,0,0.7152
mp-766349,BaCaI4,-1.654073711,0.068469115,3.3672
mp-1195034,Rb3Bi2I9,-0.92282981,0.004953477,2.2495
mp-1208402,UPbI6,-0.686945117,0.088055134,0.0323
mp-29407,AlTeI7,-0.386957895,0,1.8636
mp-540609,CsMnI3,-0.911675498,0.001020516,1.0158
mp-568506,Pr2Ni2I,-0.683859922,0,0
mp-569323,Cs3CoI5,-1.071723879,0,0.7504
mp-755779,CaLaI5,-1.521079742,0.071349817,2.1812
mp-1004524,HPbI3,0.23085205,0.661542326,0
mp-1211448,KSr2I5,-1.648206561,0.01288396,3.6575
mp-29012,Tl2AgI3,-0.522643478,0.026472978,2.3467
mp-1101331,SrLaI5,-1.530023204,0.091882558,2.1324
mp-1101340,SrCaI4,-1.681611564,0,3.8183
mp-1206836,Rb2TcI6,-0.657692205,0.054046652,0
mp-23029,Cs3Sb2I9,-0.911558834,0,1.8674
mp-28691,TaTe4I,-0.282900982,0,0.4956
mp-571323,La12C6I17,-1.239847456,0,0
mp-28748,Y3IrI3,-1.155089515,0,0
mp-29751,CsMgI3,-1.272227928,0,3.3159
mp-752439,BaSr2I6,-1.715845312,0.026945133,3.8301
mp-753351,Ba2CaI6,-1.658261933,0.089885145,2.9464
mp-28584,Tl2CuI3,-0.496909894,0.00942599,1.5763
mp-570431,AgTe3I,-0.09600736,0.017807335,0.9976
mp-680182,Bi9Ir2I3,-0.155291191,0,0.5545
mp-1209221,RbSr2I5,-1.656769593,0.010483409,3.6745
mp-29520,LiAuI4,-0.443993055,0,0.7374
mp-570853,SrCeI4,-1.467949479,0.00088545,0
mp-680698,CeSI,-1.932952206,0.022653372,0
mp-771642,Sr2CaI6,-1.644843312,0.047733689,3.5578
mp-1192722,Te7RuI6,-0.152501943,0,0.8597
mp-1207031,GdGaI,-1.058469577,0,0
mp-540656,Sb(S8I)3,-0.611294108,0,2.384
mp-651961,Nb4Te17I4,-0.326620832,0,0.9773
mp-755980,SrCaI4,-1.652536911,0.029074653,3.8183
mp-1112643,CsInI3,-0.929196654,0.020932502,0.0565
mp-28724,Gd2CI,-0.757046537,0,0
mp-28798,Nb4Te12I,-0.160238113,0.217973352,0
mp-23040,Ca2PI,-1.413401628,0,1.7152
mp-24205,SrHI,-1.22894731,0,3.6166
mp-543029,La2TeI2,-1.534425501,0,0
mp-505260,Te10Mo3I10,-0.237410152,0,1.178
mp-768735,Ba2SrI6,-1.732331031,0.038741984,3.3889
mp-568620,CsFeI4,-0.692016409,0,0.6385
mp-570728,CeNdI4,-1.181673311,0.085509583,0
mp-755943,CaPbI4,-1.070388517,0.090399282,2.6263
mp-1194135,Cs3Er2I9,-1.500787935,0,2.891
mp-1208893,Sn7(SI3)2,-0.428015558,0.082348866,0.1542
mp-1214225,C2S3I,-0.127183995,0.170285939,1.6663
mp-573743,Ce3CI5,-1.167469449,0,0
mp-618999,Pr4NiI5,-1.096627984,0,0
mp-753575,BaCaI4,-1.693509231,0.029033595,3.441
mp-766351,Ba2CaI6,-1.700694819,0.047452259,3.551
mp-1205627,Nb(SeI)2,-0.57127608,0,1.0678
mp-29234,InTeI,-0.428383283,0,1.5625
mp-571210,YGaI,-1.058196785,0,0
mp-755020,SrCa2I6,-1.581599062,0.088052004,3.5534
mp-756136,CaPbI4,-1.076883202,0.083904597,2.6676
mp-27259,CsCrI3,-0.810132911,0.053682687,0
mp-1208947,Sr2HI2,0.324757376,1.576478125,0.6609
mp-27636,Cs2SnI6,-0.916398235,0,0.2884
mp-28864,Y6IrI10,-1.289774556,0,0.0635
mp-766336,Ba6Ca11I34,-1.605685466,0.094265372,3.4085
mp-766340,Ba2CaI6,-1.711041961,0.037105118,3.8212
mp-771829,Sr2YI7,-1.507569976,0.09723591,2.6895
mp-1188821,Cs3LaI6,-1.574974761,0,3.1287
mp-1222392,LiUI6,-0.876020881,0,0.545
mp-31003,B10H13I,-0.174422691,0,2.3907
mp-1101362,SrCa2I6,-1.600185466,0.069465599,3.5702
mp-1201330,Te6MoI3,-0.170737883,0.001191608,1.0183
mp-1209369,Rb5(DyI4)3,-1.367664233,0.01884792,0
mp-1210554,MoSI,-0.823875232,0.022045406,0.9914
mp-1238804,Cs4PbI6,-1.33036865,0,3.4087
mp-1018651,Ba2H3I,-0.937956861,0,2.2525
mp-541979,Bi9Rh2I3,-0.223951394,0.008616851,0.5161
mp-569238,Cs3LiI4,-1.452007677,0.018254362,3.8043
mp-23353,Cu2HgI4,-0.236877854,0,0.5651
mp-27801,TlAgI2,-0.451243085,0.031728441,1.5639
mp-28517,Tl6SeI4,-0.598463349,0,1.6895
mp-28863,Y6OsI10,-1.210092102,0,0
mp-29116,Ta3SeI7,-0.51251174,0.007195338,0.5745
mp-567594,Cs2HgI4,-1.050680192,0.000546979,2.0645
mp-569261,Pr7CoI12,-1.245977033,0,0.0726
mp-570462,Pr12Fe2I17,-1.141920959,0,0.0128
mp-606510,CsTaI6,-0.74415434,0,1.1834
mp-772140,Ba2LaI7,-1.650906689,0.049688332,2.8927
mp-28046,AlP2I9,-0.29792786,0,1.6561
mp-753709,BaCaI4,-1.653591309,0.068951517,2.8307
mp-757074,BaCa2I6,-1.667925701,0.029012872,3.8627
mp-1178512,BaSr2I6,-1.710990337,0.031800108,3.2408
mp-685283,Ag13Bi15I64,-0.28893043,0.106493749,0
mp-1101132,Te7As5I,0.054302483,0.092204643,0
mp-570607,Dy5C2I9,-1.222140492,0,0.664
mp-772170,CaLaI5,-1.517222929,0.07520663,2.1489
mp-1205361,Te6RhI3,-0.230723026,0,1.0561
mp-1206182,LaCI,-0.91162613,0.030856073,0
mp-1206265,LaSiI,-1.143197199,0,0
mp-1223076,La4B4I5,-1.150984125,0,0
mp-752402,BaSrI4,-1.678709591,0.078222139,3.1007
mp-768295,Ba2YI7,-1.594251434,0.061463077,3.0154
mp-1206220,KDyI3,-1.223889805,0.106185778,0
mp-569258,Ta4Se9I8,-0.539733097,0,0.88
mp-1112977,Cs3BiI6,-1.07967766,0.065654042,2.8318
mp-1210218,P(H2I)2,1.768901485,1.931354795,1.6107
mp-23497,Li2ZnI4,-0.944321386,0.026322999,3.1982
mp-28746,Pr3RuI3,-1.012341278,0,0.0227
mp-30934,As(S8I)3,-0.59378756,0,2.0753
mp-753345,Ba2CaI6,-1.685962684,0.062184395,3.4759
mp-772074,Sr3LaI9,-1.631458357,0.033186843,2.1769
mp-1178505,BaSrI4,-1.733475531,0.023456199,3.2892
mp-1188687,Ba2P7I,-0.718187048,0,1.7843
mp-1208148,ThGeI6,-0.846168064,0.057541138,2.3155
mp-1205711,La2Ru2I,-0.625445559,0,0
mp-1213276,CsSr2I5,-1.673854305,0.013250377,3.6667
mp-28871,In3SnI5,-0.478569674,0.000473774,2.0256
mp-29440,CuMo3I7,-0.354294821,0,1.5657
mp-570813,Li2UI6,-1.01629753,0,0
mp-1215096,Ag3SI3,0.844990025,1.088878658,0.3535
mp-541102,Sc6C2I11,-1.132990321,0,0.0154
mp-752682,Ba2Sr7I18,-1.679659481,0.053703441,3.4191
mp-1207511,Zr6FeI14,-0.932125216,0,1.0464
mp-1217396,ThPbI6,-0.968680105,0.05969728,1.4838
mp-28345,Zr6CI12,-0.955996286,0.002390782,0.2892
mp-29395,NaAlI4,-0.901554551,0,3.4482
mp-567252,Nb3Se12I,-0.562346921,0.000782638,0.0849
mp-569066,Cs2PdI6,-0.79272759,0.005466334,0.2121
mp-1205548,KSrI3,-1.629040108,0,3.731
mp-1209667,Rb2LaI5,-1.543895749,0,2.7167
mp-567320,La5C2I9,-1.332067771,0.012054979,1.4397
mp-770579,LaMgI5,-1.2510841,0.09148501,2.5974
mp-1178507,BaSrI4,-1.720518166,0.036413564,3.5493
mp-29956,Hg3(SI)2,-0.409367992,0,1.3129
mp-675237,Na3GdI6,-1.333094796,0,1.5033
mp-676121,Ag3SI,-0.219939335,0.060743516,0.3739
mp-1192802,Cs2ZnI4,-1.180219368,0.001924106,3.2389
mp-1209894,NdSI,-2.001665863,0,2.0284
mp-557101,Sn(S4I)4,-0.594767213,0,1.7663
mp-570306,TlGaI4,-0.600078136,0,2.5487
mp-755977,CaPbI4,-1.110662531,0.050125268,2.7905
mp-1112962,Cs3YI6,-1.473541429,0.031627861,3.3564
mp-23504,Sr2InI5,-1.357036015,0.045966163,2.7625
mp-754736,BaSr3I8,-1.700568468,0.035151335,3.1394
mp-29996,La3PI3,-1.500129913,0,0
mp-541751,Ni4(Bi4I)3,-0.119586012,0,0
mp-569764,RbCu2I3,-0.598298827,0.002774676,2.0713
mp-570477,LaSmI4,-1.238871755,0.109855672,0
mp-685901,K4Pt2I9,-0.817000214,0.058132434,0
mp-772862,BaSr2I6,-1.712504718,0.030285728,3.4355
mp-780396,SrCa2I6,-1.632445681,0.037205384,3.711
mp-1190033,Tb7MnI12,-1.159423438,0,0
mp-1209441,Rb2MnI4,-1.076873067,0,2.0813
mp-772032,Sr2LaI7,-1.573259877,0.076426519,2.7846
mp-1096925,CsBaI3,-1.699247801,0,3.6246
mp-1206385,TmSeI,1.27395775,2.90891481,0.095
mp-645326,Al3Bi5I12,-0.47560516,0.024406327,1.2291
mp-1105605,Tb7FeI12,-1.198899272,0,0
mp-28840,Y4RuI5,-1.105324007,0,0.1258
mp-640353,Cs(BI)6,-0.437155556,0,1.7666
mp-646669,P28Pb5I2,-0.073563343,0,1.0279
mp-771936,Sr3YI9,-1.565889152,0.064232577,2.5314
mp-1181832,CoSI,-0.286921511,0.243797474,0
mp-1199497,CsMo3I7,-0.596339951,0.00088993,1.887
mp-1209030,Sm2TlI5,-0.999953313,0.211650372,0
mp-676637,Na2UI6,-1.008818749,0.035558312,0
mp-753670,CaPbI4,-1.160787799,0,2.838
mp-755954,BaSr2I6,-1.692377059,0.050413386,3.6181
mp-850279,SrCaI4,-1.591382837,0.090228727,3.3476
mp-1213688,CsCaI3,-1.609427193,0.009215988,3.987
mp-505088,NbTe4I,-0.335160312,0,0.4869
mp-569203,Tl3Bi2I9,-0.559302565,0.008738897,2.3521
mp-776782,Ba6YI15,-1.682254299,0.051809888,2.9551
mp-1180573,Nb6HI11,-0.49154323,0.000134054,0.2378
mp-28421,Cs2HgI4,-1.05122717,0,2.0398
mp-755393,SrLaI5,-1.574612612,0.04729315,2.0515
mp-1178584,Ba5Y3I19,-1.549466959,0.090287433,2.6124
mp-1188875,Te6IrI3,-0.197025955,0,0.9848
mp-1206614,Dy2Co2I,-0.601269255,0,0
mp-1208036,TlSn2I5,-0.521330544,0.026657936,1.5779
mp-1211900,K3SI,-1.200992114,0.163831962,1.0372
mp-753716,BaCa2I6,-1.600472821,0.096465753,3.3853
mp-754730,SrCaI4,-1.587129424,0.09448214,3.0182
mp-29955,Hg3(SeI)2,-0.266286625,0,1.1701
mp-772875,Ba2SrI6,-1.757313494,0.01375952,3.4322
mp-1211464,LaSI,-2.146905648,0,2.1862
mp-1224094,K2PtI5,-0.789000415,0.042883589,0
mp-1205533,TlSnI3,-0.580372316,0,1.8062
mp-754304,BaYI5,-1.497719366,0.096434684,2.7805
mp-1209166,RbTmI3,-1.255997635,0.054872842,0.2506
mp-28110,Rb2PtI6,-0.774215687,0,0.547
mp-752575,BaSrI4,-1.683756798,0.073174931,3.2505
mp-1209205,RbSm2I5,-1.181907213,0.123475236,0
mp-23440,Y6C2I7,-1.101879511,0,0.0324
mp-1101358,Sr2CaI6,-1.6602873,0.032289701,3.6626
mp-752419,SrCaI4,-1.605908428,0.075703136,3.4701
mp-1208533,Ta3Se12I,-0.530429882,0,0.1798
mp-567713,Nb3TeI7,-0.540165408,0.001917512,0.478
mp-770494,LaMgI5,-1.248315693,0.094253417,2.5772
mp-27938,Tl6SI4,-0.652985493,0,1.7794
mp-28118,AlSbI6,-0.514664958,0.002750409,2.257
mp-674940,La12Au3I13,-1.18715451,0.001480369,0
mp-998314,CsInI3,-0.924917526,0.02521163,0
mp-1101341,SrCaI4,-1.646779251,0.034832313,3.4918
mp-1204878,Nb10Se40I3,-0.561663666,0.001073632,0
mp-569943,K2AgI3,-1.084815058,0.005686168,2.5687
mp-754144,BaYI5,-1.518042829,0.076111222,2.7161
mp-772082,CaLaI5,-1.567656,0.024773559,2.1083
mp-973217,SbSI,-0.535578277,0.001798047,1.4848
mp-1207507,Zr6CoI14,-0.909377343,0,0.0714
mp-1211616,K5(TmI4)3,-1.337710136,0.034252603,0
mp-540644,Sn4SI6,-0.550222801,0,1.2882
mp-1207685,Y6RhI10,-1.259489618,0,0.1028
mp-29936,Rb2PdI6,-0.758191486,0.004336185,1.1296
mp-540924,NbTeI3,-0.457452608,0,0.4539
mp-754885,SrCaI4,-1.636358869,0.045252695,3.6192
mp-768827,BaSrI4,-1.66257272,0.09435901,3.171
mp-772876,BaSr2I6,-1.725689476,0.017100969,3.9536
mp-1195270,Sr2P7I,-0.673687226,0,2.103
mp-1212084,K2CeI5,-1.444161787,0,0.1489
mp-23051,NbSeI,-0.728344505,0,0
mp-23862,BaHI,-1.264972761,0,2.8161
mp-636773,Ce3(AlI)2,-0.665382166,0.05501,0
mp-653855,Pr3PtI3,-1.246226623,0,0
mp-654051,Nb6SI9,-0.6038327,0,0
mp-1104611,Gd3CI3,-1.028795589,0,0
mp-28344,Zr6CI14,-0.998180192,0,0.7964
mp-29535,CeSiI,-1.038909535,0,0
mp-766308,BaCaI4,-1.625714946,0.09682788,3.0007
mp-1206895,La2Ni2I,-0.734614721,0,0
mp-1093896,Cs2AuI,-0.540494926,0.38722684,3.1674
mp-696500,Nb6HI11,-0.491677284,0,0.142
mp-1194687,Bi13Pt3I7,-0.271483553,0.016788263,0.0707
mp-658046,La8Al4I7,-0.990492052,0.002171623,0
mp-1112542,CsTlI3,-0.856505172,0.059073562,0
mp-28579,Hg3(TeI)2,-0.249067393,0,1.3764
mp-569686,La3C2I3,-1.060292479,0,0.1369
mp-756098,BaSrI4,-1.688079064,0.068852666,3.6126
mp-766365,BaCaI4,-1.653384578,0.069158248,3.5357
mp-1206194,RbDyI3,-1.221882151,0.10713223,0
mp-570256,Ag2HgI4,-0.301271303,0.001559107,1.0992
mp-776032,Ba2YI7,-1.606475151,0.04923936,2.9025
mp-1178528,BaSrI4,-1.731986687,0.024945043,3.6063
mp-1179755,Sn(S4I)4,-0.441492035,0.153275178,0.4517
mp-1206676,RbSmI3,-1.281590594,0.060881458,0
mp-1208181,Tl2PtI6,-0.387081445,0,0.5696
mp-1210823,LuSI,-1.589498882,0.353121626,1.2579
mp-1229102,Ag2PbI4,-0.349858655,0.102171909,0.901
mp-23534,KSn2I5,-0.730590328,0.019437456,1.5182
mp-1025099,TbGaI,-1.051891997,0,0
mp-1080232,CsSrI3,-1.670662764,0,3.8228
mp-1205546,Ho2Co2I,-0.600729855,0,0
mp-1221281,Na2UI6,-1.018702,0.02567506,0.2304
mp-542180,Th(TeI)2,-1.024534701,0,0.9783
mp-635393,Ca2PI,-1.331653123,0.081748505,1.6319
mp-1207498,Zr6SiI14,-0.99753198,0,1.0809
mp-850277,SrCaI4,-1.645452593,0.036158972,3.5551
mp-541771,Bi4RuI2,-0.209713019,0,0.4525
mp-754610,Sr3CaI8,-1.618346757,0.079712963,2.9311
mp-766303,Ba2Ca7I18,-1.607722868,0.072146204,3.3846
mp-766330,Ba6CaI14,-1.700082332,0.077326749,3.023
mp-772878,Ba2SrI6,-1.754450954,0.01662206,3.6367
mp-1112969,Cs3InI6,-1.087666785,0.078454731,1.6049
mp-1210060,Rb2CeI5,-1.454557485,0,0.1623
mp-568574,LaGeI,-1.144429026,0,0
mp-755684,SrCa2I6,-1.631361296,0.03828977,3.5008
mp-29541,GaTeI7,-0.307814917,0,1.8522
mp-766332,BaCa2I6,-1.602622185,0.094316388,3.3113
mp-1211014,La3OsI3,-1.074223513,0,0
mp-1213362,CsSm2I5,-1.201054187,0.118732366,0.0088
mp-1206451,Nd2Co2I,-0.574021271,0,0
mp-28453,CsAuI3,-0.721771306,0,0.7334
mp-1070264,La2Ni2I,-0.730180431,0.00443429,0
mp-1209348,Rb5(TmI4)3,-1.338647892,0.031988346,0
mp-541073,SmSI,-2.035726074,0,2.4541
mp-1206105,CaInI3,-1.1539652,0.020866875,2.9146
mp-505373,AsSeI,-0.176876236,0,1.2465
mp-1111459,K3InI6,-0.996273972,0.099965438,1.2778
mp-568591,La3CI5,-1.341668142,0,0.2612
mp-754540,CaPbI4,-1.159788944,0.000998855,2.9135
mp-766352,BaCa2I6,-1.649806742,0.047131832,3.6892
mp-23347,Rb4YbI6,-1.543886233,0,3.6886
mp-28570,NaInI4,-0.784105584,0,2.4484
mp-541553,La10Os2I15,-1.294960369,0,0
mp-558189,Ag3SI,-0.177988921,0.10269393,0.637
mp-756798,Sr2CaI6,-1.667819371,0.024757631,3.8712
mp-29895,Rb3Bi2I9,-0.927783287,0,2.4206
mp-752408,BaSrI4,-1.708727799,0.048203931,3.4431
mp-1105727,Tb6IrI10,-1.289750045,0,0.0076
mp-1147745,CsSiI3,-0.70594997,0.112807943,0.7684
mp-1180180,RbCu2I3,1.30468629,1.905759793,0.8452
mp-29405,RbSnI3,-0.92075069,0,2.0996
mp-570455,CsNb6I11,-0.563841026,0.008864473,0
mp-621938,Cs3Cr2I9,-0.925516713,0,1.0042
mp-676687,RbAg4I5,-0.46358368,0.063695668,1.1348
mp-1181198,H3CI,-0.189257529,0.093470765,3.3781
mp-28321,Sc7CI12,-1.132876934,0,0
mp-28554,Ca2AsI,-1.414007099,0,1.5719
mp-31077,Tl2TeI6,-0.392244693,0,1.6415
mp-1203152,Lu20Os5I24,-1.090806952,0,0.0591
mp-1178508,BaSrI4,-1.721081778,0.035849951,3.7417
mp-1226137,Cu2HgI4,1.131287184,1.368165039,0.2409
mp-568570,CsSnI3,-0.953068654,0.003267803,0.6175
mp-754198,Ba(LaI4)2,-1.541693982,0.078096942,2.1541
mp-766348,BaCaI4,-1.662126611,0.060416215,3.6308
mp-768732,Ba6SrI14,-1.704604503,0.08262998,3.0892
mp-772116,LaMgI5,-1.271722658,0.070846451,2.6293
mp-998430,CsInI3,-0.930313771,0.019815385,1.4536
mp-649878,Sn(S4I)4,-0.539886413,0.0548808,0.9754
mp-766325,BaCaI4,-1.670797093,0.051745734,3.2691
mp-1208794,Sr2TlI5,-1.442958545,0.01327394,3.3494
mp-679930,Cu3P15I2,-0.087612477,0,1.0115
mp-1173429,Rb2PtI5,-0.801477128,0.038121166,0
mp-1185676,Mg16Al12I,0.016726839,0.1146864,0
mp-22991,CsVI3,-0.914488294,0,0.6035
mp-29998,La3SbI3,-1.337914044,0.001459332,0
mp-776442,Ba2YI7,-1.606984713,0.048729798,2.8288
mp-1206019,Ce4SiI5,-1.114666525,0,0
mp-771645,Sr2CaI6,-1.665799243,0.026777759,3.851
mp-756238,Sr2CaI6,-1.670336489,0.022240513,3.9627
mp-756745,BaLaI5,-1.615719044,0.042550022,2.1335
mp-1095595,SbSI,-0.53422281,0.003153514,1.6957
mp-23041,SbSI,-0.537376324,0,1.6368
mp-28889,Hg5(SbI3)2,-0.236060437,0.004336543,1.4026
mp-571219,Tl3BiI6,-0.592944772,0.009106145,2.4866
mp-582175,La4Si4I3,-1.07744083,0.000193128,0
mp-752711,BaSr2I6,-1.685539973,0.057250472,3.2517
mp-23496,CsAg2I3,-0.712263601,0.000338129,2.2789
mp-30211,La5Sn3I,-0.873180579,0,0
mp-569421,Hg9P5I6,-0.156444364,0,1.3411
mp-608311,Cs2Li3I5,-1.34949806,0.011305199,4.1765
mp-637213,La2GeI2,-1.297395244,0.003330122,0.4176
mp-998428,CsCaI3,-1.618643181,0,3.6642
mp-1188271,Er6IrI10,-1.255281238,0,0.0228
mp-1207510,YbSI,-1.308214089,0.455292408,0
mp-28464,Re3(TeI)7,-0.158291914,0,0.8407
mp-574430,BaUI6,-1.198266364,0,0.2246
mp-675879,Ag3SI,-0.218986122,0.061696729,0.2642
mp-752514,BaSrI4,-1.730313627,0.026618103,3.6362
mp-568522,In3SnI5,-0.479043447,0,2.0166
mp-568922,Ce7C3I10,-1.101877625,0,0
mp-573568,K2TcI6,-0.725385371,0,0.2208
mp-1194717,Bi16Pt11I6,-0.293055027,0.026132788,0
mp-1101687,Sr9La5I33,-1.571074917,0.074473938,2.1483
mp-23420,Ge19(PI)4,-0.08885591,0,1.0766
mp-568134,Cs2CdI4,-1.172198795,0.008670833,2.8586
mp-1106228,Tb7NiI12,-1.223560163,0,0
mp-1214037,Ce3SiI3,-1.051162165,0,0
mp-28051,SbTeI,-0.231547467,0.000732754,0.8584
mp-570423,Ba6Pr3I19,-1.652947078,0,1.0197
mp-581600,Rb2FeI4,-0.912971788,0.024217976,0
mp-28332,CsTlI4,-0.743616384,0.039063774,1.238
mp-541014,Cs3Sb2I9,-0.906604662,0.004954172,1.5434
mp-567472,CuP4I,-0.087136672,0.004421246,0.8797
mp-756500,Sr2CaI6,-1.630489793,0.062087209,3.7064
mp-1112951,Cs3AsI6,-0.964166465,0.045675974,2.3403
mp-1211509,KSm2I5,-1.181509105,0.124536594,0
mp-23066,Pb5(SI3)2,-0.71179117,0.024621221,1.8261
mp-29426,Y5C2I9,-1.228312513,0,0.6359
mp-568545,Cd4P2I3,-0.339520657,0.022942606,1.379
mp-669317,Cs3CdI5,-1.258841381,0.003712081,2.7925
mp-766301,Ba2CaI6,-1.703677427,0.044469652,3.4988
mp-771877,Ca3Pb3I14,-0.948484345,0.096224674,0
mp-756235,Ba3SrI8,-1.770668394,0.007475263,3.234
mp-766359,BaCaI4,-1.64157128,0.080971546,3.4196
mp-23443,MnTlI3,-0.529960065,0.015745602,1.3888
mp-607829,AlTlI4,-0.721719021,0,3.4492
mp-768786,BaYI5,-1.4963983,0.097755751,2.6536
mp-27381,CsSnI3,-0.956336457,0,2.2107
mp-756313,CaPbI4,-1.061525852,0.099261947,3.0673
mp-1111693,K3ScI6,-1.317415275,0.055039114,2.3346
mp-1206511,Cs2ZrI6,-1.261361562,0,1.8404
mp-29689,Nb3TeI7,-0.54208292,0,0.5116
mp-29817,GaP2I9,-0.238090138,0,1.7115
mp-677056,Na2UI6,-1.030447816,0.013929244,0
mp-1206607,La2AsI2,-1.591672074,0,0
mp-1206826,La4SiI5,-1.328088698,0,0
mp-1209132,RbTmI3,-1.152479863,0.158390614,0
mp-23546,Na2UI6,-1.04437706,0,0
mp-998592,RbCaI3,-1.584069192,0,3.5985
mp-23399,Rb2AgI3,-1.093678772,0,2.5762
mp-675242,Ag2HgI4,-0.129863302,0.172967108,0
mp-1205326,Tb7PtI12,-1.304933267,0,0.1177
mp-770314,BaLaI5,-1.59563328,0.062635786,2.6983
mp-1188549,Ho7PtI12,-1.280259169,0,0.0943
mp-669308,Cs3Tm2I9,-1.496278385,0,2.8921
mp-760421,Zr6BI12,-0.970526318,0,0
mp-771640,BaSrI4,-1.692475622,0.064456107,3.4689
mp-1101129,ThPbI12,-0.497736744,0.089907476,0.6169
mp-1105706,Tb7CoI12,-1.227466784,0,0.2707
mp-1178509,BaSr2I6,-1.689907653,0.052882792,3.6669
mp-1212622,Ge19(SbI)4,-0.048117807,0.028083787,1.135
mp-23417,InSn2I5,-0.466696044,0.021704887,1.4413
mp-569052,AgSe3I,-0.100618109,0.013196586,1.3964
mp-569842,Ba3SiI2,-1.131185682,0,0.2539
mp-673698,Cu2HgI4,0.018168962,0.255046816,0.4197
mp-755705,SrLaI5,-1.593907881,0.027997881,2.3508
mp-1178506,BaSrI4,-1.733698046,0.023233684,3.114
mp-1200647,Cs3ZnI5,-1.267062686,0,3.1506
mp-1214818,Ba2HI2,-0.364447238,0.934343094,0
mp-24204,CaHI,-1.168388068,0,3.5468
mp-776479,BaYI5,-1.516607281,0.07754677,2.7575
mp-540881,Cs2AgI3,-1.140666722,0,2.6311
mp-753809,BaCaI4,-1.695165409,0.027377417,3.7974
mp-772114,BaLaI5,-1.58715492,0.071114146,2.4928
mp-1025377,Cd(AgI2)2,-0.428914718,0,1.7687
mp-1193838,Te8IrI5,-0.163483822,0.001366679,1.0203
mp-1208175,Tl2CoI4,-0.398764965,0,0.5791
mp-1227984,Bi19(S9I)3,-0.709468836,0.010647559,1.3338
mp-23020,BiSeI,-0.416493234,0.011461807,1.5603
mp-24409,PH4I,-0.189528861,0,3.7095
mp-27442,RbCrI3,-0.766544664,0.060316597,0.1599
mp-36235,Na(ScI3)2,-1.247690379,0,0
mp-567698,CsTiI3,-1.038214664,0.010576566,0
mp-569026,Nb10Se40I3,-0.562737298,0,0
mp-569055,CsLi2I3,-1.322602524,0.017351443,4.1669
mp-571458,RbGeI3,-0.777347667,0.024728824,0.9997
mp-1205615,La2Co2I,-0.619336692,0,0
mp-1211508,La3IrI3,-1.27270797,0,0
mp-1212974,ErSI,-1.645880471,0.323533026,1.267
mp-29986,La2Al2I,-0.807570786,0,0
mp-676206,RbAg4I5,-0.492965971,0.034313378,1.6335
mp-772034,Ba3LaI9,-1.709855179,0.013530741,2.2282
mp-29614,KEu2I5,-1.582647778,0.008937811,1.2522
mp-651121,Cs3HgI5,-1.159784871,0.001935569,2.1472
mp-772158,Ba2LaI7,-1.646242256,0.054352765,2.3073
mp-1207039,La2Cu2I,-0.608461436,0.002496437,0
mp-22965,BiTeI,-0.369637825,0,1.2946
mp-27928,Ge2S3I2,-0.607010002,0,2.2528
mp-754196,Ba2SrI6,-1.731745087,0.039327928,3.6619
mp-771570,Sr2CaI6,-1.610947869,0.081629132,3.4312
mp-1209575,Rb2NdI5,-1.484577398,0,3.0826
mp-29044,Cd4Sb2I3,-0.345599996,0,1.1297
mp-35909,AgBiI4,-0.376848044,0.040009417,0.9912
mp-766337,Ba6CaI14,-1.711964815,0.065444266,3.0649
mp-27812,RbTiI3,-0.988786297,0.036958366,0
mp-29748,TePdI,-0.325689094,0,0
mp-30110,SrLaI4,-1.557749503,0.01231149,0.1527
mp-31037,CuTe2I,-0.118318522,0,0.837
mp-31317,La3PbI3,-1.158255932,0,0
mp-676864,K3Nd3I10,-1.336375098,0.079292092,0.0979
mp-1209693,Rb3Sb2I9,-0.865315429,0,1.9481
mp-567678,Y7FeI12,-1.198447791,0,0
mp-624214,Cs3Bi2I9,-0.971398664,0.00116939,2.3446
mp-756202,Ba2SrI6,-1.752470285,0.018602729,3.5958
mp-23386,Sn2SI2,-0.617232126,0,1.6167
mp-540574,Cs2Hg3I8,-0.719401217,0,1.8421
mp-771643,Sr2CaI6,-1.598579309,0.093997692,3.077
mp-1178524,BaCaI4,-1.625501677,0.097041149,2.7054
mp-1211495,La3PtI3,-1.332824221,0,0
mp-27688,K2TeI6,-0.760245921,0,1.7435
mp-676813,RbAg4I5,-0.483340064,0.043939284,1.7042
mp-31288,La5Pb3I,-0.764362403,0,0
mp-653559,P4Se3I2,-0.06549326,0.016743276,1.7175
mp-1209328,PrSI,-2.006155486,0,2.0454
mp-28815,ThSnI6,-0.940126603,0.020248192,1.9876
mp-505418,CsDyI3,-1.255222665,0.096838284,0
mp-571260,AlInI4,-0.640265375,0,3.0259
mp-571531,Cs3Mo2I9,-0.794947278,0.050920279,0.9283
mp-850529,SrCaI4,-1.59568353,0.085928034,3.3835
mp-1206875,La2Rh2I,-0.940176445,0.016940708,0
mp-567798,Hg4AsI5,-0.240479682,0.009085091,0.9168
mp-754667,BaSr2I6,-1.713052666,0.02973778,3.6058
mp-756624,Ba2SrI6,-1.74987749,0.021195525,3.9838
mp-776579,Ba3(YI6)2,-1.552473146,0.07789294,2.8015
mp-541175,Sc7CoI12,-1.105081403,0,0.2217
mp-1101374,Sr2CaI6,-1.595703197,0.096873805,3.2605
mp-1209846,Pr3IrI3,-1.158839611,0,0
mp-1227807,Bi13Pt3I7,-0.257378005,0.030893811,0.0667
mp-567855,RbGeI3,-0.798758291,0.0033182,2.2086
mp-28432,Tl3Cd2I7,-0.637453411,0,1.8253
mp-505357,InSeI,-0.540493642,0,1.4358
mp-675786,Cu3(BiI4)4,-0.344499039,0.032259886,0
mp-754224,BaSr2I6,-1.723731529,0.019058916,3.7641
mp-1103650,RbCu2I3,-0.590738762,0.010334742,2.0173
mp-1223204,La7CoI12,-1.321379548,0,0.0366
mp-541352,P4S3I2,-0.366565192,0,2.2079
mp-998333,CsCaI3,-1.597897396,0.020745785,3.7277
mp-1105583,Er7CoI12,-1.199362107,0,0.4431
mp-1208159,Tl4GeI6,-0.573143673,0.015944695,1.8382
mp-27252,TlCdI3,-0.611623953,0.016766175,2.1783
mp-680058,InTeI7,-0.29199277,0,1.7338
mp-1019269,Sr2H3I,-0.924980974,0.00803878,2.0771
mp-1206621,KYbI3,-1.588259544,0.010682984,3.6219
mp-1213898,Ce3PI3,-1.269974582,0,0
mp-632480,Ag3SI,-0.218755127,0.061927724,0.237
mp-23481,Cs3Cu2I5,-1.006963115,0,2.5112
mp-28747,Y3RuI3,-1.005245811,0,0
mp-567566,Ho7FeI12,-1.176822207,0,0
mp-571309,Nd12C6I17,-1.15171966,0,0
mp-754408,Ba2SrI6,-1.714814296,0.056258718,3.0364
mp-772077,BaYI5,-1.526692122,0.067461929,2.9223
mp-1120726,Rb3Bi2I9,-0.910972962,0.016810325,2.3512
mp-1205799,Mo(SI)2,-0.512538436,0.271057335,0.0636
mp-27626,Ge19(AsI)4,-0.089631246,0.000893716,1.0131
mp-568423,AlPI8,-0.34222798,0,1.4268
mp-568796,RbYbI3,-1.599545033,0.00075425,3.6054
mp-676391,RbAg4I5,-0.439711027,0.087568321,1.2412
mp-756666,BaCaI4,-1.656334987,0.066207839,3.9106
mp-760418,Ba2SrI6,-1.752651363,0.018421651,2.9057
mp-1206671,LuSeI,1.258705985,2.869949369,0.2774
mp-1207695,TmSI,-1.62546915,0.346747115,1.2722
mp-771814,CaPbI6,-0.789182115,0.081408735,1.8337
mp-23409,Pr12C6I17,-1.147517478,0,0
mp-28393,P3Se4I,-0.057502061,0.008094324,1.6465
mp-1185683,Mg16Al12I,0.033142206,0.131101767,0
mp-1214004,CaThI6,-1.347586131,0.044681657,2.9825
mp-669458,Cs3Bi2I9,-0.972568053,0,2.3629
mp-753775,BaCaI4,-1.625984116,0.09655871,2.7561
mp-772018,Ba3YI9,-1.640674967,0.048187484,2.6721
mp-1205722,KCaI3,-1.573665971,0.011165458,3.655
mp-1209272,RbDyI3,-1.205474647,0.123539735,0
mp-776610,Ba6YI15,-1.644636162,0.089428025,3.1662
mp-1097015,KSnI3,-0.903635201,0,1.941
mp-23391,Tl4CrI6,-0.560152039,0.040202133,0.4014
mp-28198,RbInI4,-0.886860291,0,2.5376
mp-29987,La3(AlI)2,-0.877594218,0.009149661,0
mp-1120792,K3Bi2I9,-0.898975793,0.017098734,2.5461
mp-1188388,Er6NiI10,-1.188974772,0,0.6643
mp-29345,LiGaI3,-0.780753749,0,2.2483
mp-998325,RbCaI3,-1.538215405,0.045853787,3.4482
mp-1209623,Rb2UI5,-1.170433316,0,0.3865
mp-1206201,Gd2Co2I,-0.610139314,0,0
mp-29244,Cd2P3I,-0.225000349,0.017628364,1.0424
mp-1069538,CsPbI3,-1.004434123,0.038630806,1.8285
mp-28608,Ga3Te3I,-0.410779207,0,1.255
mp-504934,Sc2CI3,-1.054169436,0,0.5683
mp-753486,BaCaI4,-1.671402635,0.051140191,3.3934
mp-770473,CaLaI5,-1.568287992,0.024141567,2.0892
mp-1211892,K3Au3I8,-0.690519735,0.009699039,1.0462
mp-583476,Nb7S2I19,-0.649130349,0,0.4354
mp-753731,Ba2CaI6,-1.708969014,0.039178064,3.6355
mp-22995,Ag3SI,-0.227323127,0.053359724,0.5207
mp-28089,P4Se3I2,-0.082236536,0,2.0711
mp-674339,Tl6PbI10,-0.590826795,0.009892045,1.2149
mp-772916,Ba3(LaI6)2,-1.589351138,0.093815548,2.4533
mp-1208662,SrUI6,-1.17623466,0,0.2218
mp-1247740,KFeI3,-0.464019234,0.193930633,0.5441
mp-684055,Tl7Bi3I16,-0.580229222,0.009613173,2.2654
mp-29997,La3AsI3,-1.470381665,0,0
mp-770574,La2MgI8,-1.351645365,0.067245587,2.117
mp-1062795,CoSI,0.267676529,0.798395514,0
mp-1105808,Er7IrI12,-1.260664319,0,0.3803
mp-27527,Te2AuI,-0.099979614,0.004464412,0
mp-27635,Rb2SnI6,-0.857950006,0.013223001,0.1243
mp-28693,Al3Te3I,-0.476070927,0,1.9643
mp-616327,In3Te3I,-0.378105825,0,1.1016
mp-1104888,Zn(AgI2)2,-0.423731988,0.003386241,2.0538
mp-28377,CsGeI3,-0.841361004,0,1.589
mp-756448,LaMgI5,-1.325603485,0.016965625,1.9829
mp-771827,Ca3Pb3I14,-0.96153544,0.08317358,0
mp-1185576,CsYbI3,-1.627277308,0,3.8129
mp-1225955,CuP7I,-0.049635767,0.018680712,1.1253
mp-30221,Ba5P5I3,-1.261594074,0,0
mp-771830,Sr2YI7,-1.540145621,0.064660265,2.9647
mp-1111167,K3SbI6,-0.939637288,0.101446471,2.3534
mp-1111170,K3NdI6,-1.380346866,0.097998354,3.1746
mp-1111171,K3PrI6,-1.378715789,0.104824913,3.174
mp-1111183,K3AlI6,-1.048209111,0.116819585,1.7713
mp-1111267,K3MoI6,-0.871517041,0.140327538,1.4013
mp-1111270,K3GaI6,-0.945541506,0.180742486,0.8318
mp-1111494,K3CeI6,-1.356524711,0.097501412,0.2764
mp-1111496,K3BiI6,-0.985358829,0.103938381,2.5794
mp-1111643,Na3SbI6,-0.710055204,0.193753441,1.8721
mp-1111684,KTlI3,-0.754022996,0.116860669,0
mp-1113483,Na3TlI6,-0.651162331,0.24486165,0
mp-1113485,Na3YI6,-1.154171231,0.180744896,2.4016
mp-1113491,Cs3ScI6,-1.403990625,0.001441813,2.4534
mp-1113505,Na3ScI6,-1.090703193,0.144476083,2.1552
mp-1113611,K3YI6,-1.384486979,0.087704262,3.1873
mp-1114294,Cs3GaI6,-1.033486237,0.095600413,1.1753
mp-1114383,RbTlI3,-0.793426823,0.090052283,0
mp-1114487,RbInI3,-0.868466257,0.055513028,0
mp-1114499,Rb3GaI6,-0.971055753,0.123461046,0.976
mp-1114515,Rb3SbI6,-0.967927253,0.085042687,2.3797
mp-1114616,Rb3AlI6,-1.073377123,0.090059772,1.9042
mp-1114618,Rb3AsI6,-0.900588056,0.074684533,2.1626
mp-1114626,Rb3InI6,-1.023705543,0.104742817,1.4107
mp-1114633,Rb3ScI6,-1.342546756,0.028315832,2.3922
mp-1114637,Rb3TlI6,-0.909652672,0.135711264,0.6176
mp-1114639,Rb3YI6,-1.411245311,0.059354128,3.2901
mp-1190406,KHgI3,-0.771170884,0.015656511,1.7116
mp-1194786,Rb3Bi2I9,-0.926226647,0.00155664,2.3692
mp-867674,Ba3CaI8,-1.71499979,0.045949414,2.949
mp-867676,BaCaI4,-1.631010824,0.091532002,3.7585
mp-867737,LaMgI5,-1.267579073,0.074990036,2.6792
mp-867953,Ba2CaI6,-1.719868525,0.028278553,3.9865