material_id,diel.poly_total,diel.poly_electronic
mp-1223893,4.782628844835926,5.324966953061941
mp-16988,7.204513230835143,1.91943097867668
mp-730,20.262180282831267,2.8771081490259047
mp-756202,2.693911888747339,0.56047094901421
mp-580941,1.3399525955633633,1.4900508497999063
mp-761124,1.179605974744075,2.048165834398686
mp-616573,2.3355957790129667,0.014069022659404403
mp-775543,1.4008069790233055,0.8052207494028811
mp-28136,4.188034264216444,6.171151427405961
mp-776397,1.627822637481581,3.039813139955792
mp-11695,9.118165203215174,6.01290530643001
mp-542637,4.601857938586159,4.567886937065865
mp-27854,0.5782378613039268,0.9752095455443772
mp-239,3.4581125574325497,0.1181085412070844
mp-643384,5.395789027308701,0.3957190340103067
mp-8289,3.0031681450036425,2.4453746656665163
mp-23484,8.60252680898982,5.488926172179461
mp-23164,10.412032372414977,9.75177935343118
mp-7264,0.8671055973034634,1.8686296387755237
mp-13335,3.927877641114236,0.7173813292908615
mp-707735,20.21549707257451,3.7131705300427766
mp-14447,12.012282301963545,0.24905737225066377
mp-1206350,0.8868386829975033,0.3149761434977482
mp-24066,2.5010887650268594,1.0702402283582777
mp-11713,3.281600345332678,4.975238274043009
mp-2552,6.448504725419758,4.744302979700606
mp-5795,0.6930091703820219,3.870121475982038
mp-7906,7.83505184858339,1.2093022902639867
mp-7404,7.208801617749661,1.3874666327583207
mp-558016,6.4160703164019885,1.3048694966715746
mp-759283,11.606277388931499,4.4380031002702625
mp-2150,5.254768560872476,4.059410335747408
mp-1821,2.571156056065177,1.2485506124960157
mp-754605,15.54314338736614,3.2660176086567527
mp-9029,8.603877803730688,5.169365592904203
mp-777418,2.2727675684158632,0.5115313800760957
mp-568469,12.261118180008417,2.850123120247843
mp-1102077,4.458860952325789,0.014863311837422668
mp-541280,9.74217980154358,2.9977106305378043
mp-571436,2.329409963604864,3.032655454485972
mp-567228,4.135346330938196,1.9773228891357737
mp-1025267,9.93585043156594,0.3846918039226568
mp-31493,39.25487067056259,4.660381635050859
mp-8153,8.896174674111148,1.3945537880626364
mp-29877,7.668805638069492,1.028462596896759
mp-1190030,4.991527812130899,17.733186752021577
mp-1190450,14.374003181125,2.0972813575759335
mp-6094,12.51498498914456,2.25225640187959
mp-753940,10.717451480801959,2.9173843511569966
mp-682,2.015448081351169,0.7121047610059559
mp-29513,6.003575055715776,0.9073360792664621
mp-14864,6.368138297280986,0.3640240510552423
mp-24431,2.5993712445570063,1.630661260135088
mp-1222351,2.722774559338324,1.3436680624848303
mp-34127,7.321904202976049,7.0078051752309
mp-25223,11.442525792956042,4.098932371367586
mp-997088,1.8547744131222745,3.80050435831347
mp-4187,6.583064041507714,3.8609747557411165
mp-643385,7.732621372852901,1.3364767196632075
mp-756520,0.9250843394827714,2.724411788115382
mp-531265,5.9212575415237945,1.703317545311828
mp-1029258,10.88299770399789,0.5380640403486173
mp-28391,0.5231111967688784,1.0783875924775397
mp-6980,20.468815033636734,6.26526133694191
mp-11016,3.1342657257786466,1.8256142328174596
mp-768440,28.488033631853444,5.568035016802318
mp-25301,2.585964942618067,1.34573713525963
mp-775837,4.078906657861177,3.108690597138863
mp-23418,0.7609261978358455,1.94244137394665
mp-29506,3.7651974523764546,0.5358799008615193
mp-23059,7.504485781829796,1.24748977900247
mp-28029,5.6722355486577065,2.0013016833357145
mp-22914,8.443915286861287,2.1941691722030945
mp-28264,2.2694915285859714,1.7306924127888634
mp-13055,30.135991391726726,1.5804454618228367
mp-755097,5.002125197316062,0.48677502319598975
mp-549720,3.9137494127826753,4.995739532200128
mp-1205338,16.064508742047767,3.2861158617827697
mp-17146,2.8581994198933485,1.0712961101348022
mp-17112,6.77901671009019,3.252287473245315
mp-27463,5.71854015309974,1.2990347564138662
mp-18000,35.78873844894047,4.093981492975756
mp-40144,1.17498847771899,0.23336666473197137
mp-772750,7.746313548739382,0.10983124422985513
mp-29585,5.665067865342136,4.978951289806274
mp-18725,13.651064341647132,0.8431215331811313
mp-17307,5.685180547119384,4.253226186417491
mp-6560,0.736025790541629,2.058978631987952
mp-38394,10.436727888726987,2.201497547571306
mp-22889,0.661660163562157,1.5071206027597226
mp-677191,21.596499574364916,6.954045157601734
mp-17128,4.820542636649213,0.165415692376646
mp-31243,17.971029286019718,8.297109445447079
mp-676861,8.212285893827302,3.0671851320002665
mp-13863,9.509034725682286,0.8851087182240023
mp-23850,1.3229584585483205,2.014703246032743
mp-756156,14.260077282280188,1.743988437941262
mp-989625,6.9823593412008185,6.781377070688007
mp-27716,3.8617379040488826,4.816159923115658
mp-36582,4.13663899244293,3.2142842563033582
mp-17577,7.079522077389168,4.372143372517154
mp-8714,6.72864656470106,2.123026490285548
mp-1104707,9.174614527730764,7.5544798768308805
mp-7181,32.57910636451707,0.7306707929931533
mp-999498,2.9631643465536865,3.1127027231974305
mp-1079600,7.615684346403193,1.3445503966131755
mp-571306,10.729400146893523,8.39014234742172
mp-989524,46.53994055124176,2.556653996922603
mp-567313,31.66908506133887,38.71750223445197
mp-22930,4.900220980057561,0.8097316698478111
mp-25246,77.07512238212864,46.2593183008169
mp-7601,12.396715753032124,4.323143899114958
mp-558071,1.7588628077844277,0.8357954683015265
mp-28741,3.709176868696489,4.583659225400683
mp-17066,2.695794669930503,4.009672481024097
mp-12244,0.8364318448059571,1.2806310267640837
mp-556216,4.2690916244129555,1.014779987932684
mp-7786,3.7380149249825787,1.2512466157603672
mp-8389,8.602767717906236,1.9102019200620117
mp-1095440,0.5408019577181628,6.174718272889551
mp-18914,6.6461853971294875,1.1595151165698874
mp-647343,10.832227256448617,0.22087424942811218
mp-1029275,18.255888094710517,2.176162139664732
mp-602,3.0412771914022114,13.199795889618334
mp-778194,1.6864822111616273,0.26363588381845854
mp-31306,0.5029971252260259,1.7956925695301742
mp-673070,8.973090469704518,0.5790149864838852
mp-1205304,0.10203185939717002,4.64276671470354
mp-626554,3.7225386763814727,1.7937192810215326
mp-23656,0.17759361702596338,1.043308616645131
mp-626088,3.2149145557673005,1.1273949821009595
mp-22870,10.910318211886521,0.14153150892633634
mp-20078,23.928176947077247,0.5573151064258869
mp-27369,2.2820133777934473,2.452504882202816
mp-1542727,2.264504933639437,1.5644834759015998
mp-9250,8.271379831155143,0.775388901391426
mp-756504,0.3243802891117748,4.527515055422365
mp-24413,3.642299776465145,2.9587202629279723
mp-758521,0.6710644463073732,0.5628881700190931
mp-19426,3.520395091130328,3.4963390144867645
mp-570706,7.661718363061291,2.6637821298653943
mp-7000,0.009793102880988964,1.879895336869061
mp-3102,9.52426441910326,11.648783223833249
mp-8603,4.636239295148371,1.4146307064611339
mp-27178,8.149882579471475,0.05747432793323541
mp-22583,12.515855817872199,2.626939950498747
mp-760313,7.242574198322946,2.000650345718689
mp-557308,1.538153951828386,5.178187253160747
mp-560625,32.8304416437298,0.24503497771862934
mp-18929,4.879616856151566,0.24430590139425262
mp-6951,10.154760853210076,1.8822621304009737
mp-772830,3.212529030760392,0.6159217477472653
mp-604429,8.806203774240602,0.7203788297909333
mp-41219,1.238901121198502,1.6897389475743996
mp-28548,5.156067366952338,1.9566049582681497
mp-505166,4.4509245353243125,0.11745344453837568
mp-505511,23.271012682868495,7.5683829769383735
mp-6289,0.6748434927270326,3.3534029864875015
mp-1189259,2.9875649015284274,2.3355269638243805
mp-10426,5.288476083927246,0.005805984122361859
mp-756500,0.4559443565114186,1.9750955869149254
mp-571461,6.873914655283418,1.2904553902032212
mp-1112940,8.654546776856884,1.1349558450314554
mp-5151,5.92349866081162,3.6704072042082965
mp-1080135,16.569202683453273,1.3039207551230565
mp-18775,0.6165520363597771,3.9661613685286263
mp-8884,11.32286157261728,4.604471061297879
mp-14037,18.96875219628239,0.587385895007407
mp-1103842,12.882031706801895,11.699896877305305
mp-1185571,6.827233252880172,0.9382188435865985
mp-606680,1.8091298201401924,2.5856637553799287
mp-1222482,7.7012442719985925,3.2707676748869723
mp-402,7.0391329902707165,6.555188610739351
mp-28514,7.564541937387435,0.5877287888684685
mp-510076,9.864665855376321,1.827861954407595
mp-767471,8.993129421224454,4.156117150684765
mp-9166,3.654723948902111,2.0453215079511273
mp-29983,7.057756554036119,0.5717914799890766
mp-990440,14.981797263864465,3.162089766413589
mp-23052,7.65364436328101,0.5742769361768006
mp-984718,2.969708668207708,9.286234586205067
mp-777779,6.777947936292505,2.146929696278111
mp-755234,22.79956364346086,6.022689723520811
mp-505297,37.134331835460124,8.935186744571038
mp-38487,6.934247762796148,0.7850838202597916
mp-540569,10.171159815549833,5.290523078127121
mp-641,2.4318573915736246,1.6482526849348595
mp-643006,14.443691437775366,1.872461398993874
mp-1113760,0.05837316667342151,0.23289443236748547
mp-13900,13.215171348329939,0.3444838188454914
mp-1986,5.145548678453783,5.461011973557452
mp-38240,3.887643860640883,4.07226980612802
mp-1079630,20.578830666202183,0.31296504763953253
mp-626464,1.103150478588449,1.2044230021900155
mp-7608,8.39272600818891,4.971664784637072
mp-14069,13.731071781579365,1.2077847302561635
mp-19006,15.179574194829495,3.2034449043391833
mp-546202,39.53566780930106,0.7473080079559903
mp-24798,3.2026312511098887,1.2835848554213363
mp-29027,1.83295746540752,3.5133429199370663
mp-754802,15.36194478341711,2.8317933342343413
mp-753318,8.970336080183824,0.8391152309402515
mp-7639,9.833487409223752,4.866589961619217
mp-3167,16.10486419211138,9.650639693629476
mp-4236,10.820303420907058,0.353041708148971
mp-9146,4.595083754440348,1.7170408726494772
mp-7684,1.169885470542493,3.0274209357962354
mp-1018040,3.6075751361944723,1.615529773615457
mp-780172,2.264209726957427,0.3892596860375479
mp-560588,9.143386962794551,4.7622598512402385
mp-29196,0.3793780361025089,2.4343488285068577
mp-569175,3.8425351571030575,1.539610846075411
mp-18463,7.0061512707659,1.0586439591607928
mp-768310,14.03502736751046,4.092659273643551
mp-1539317,49.20581459173624,1.40230345356664
mp-541062,20.514684750296375,6.639588987032186
mp-540631,2.8197051638920283,2.518526872938427
mp-548615,0.4902879023450584,2.965990576220706
mp-29598,2.443344471958745,1.1336305872315084
mp-5488,22.240916092707533,1.2730519101333801
mp-8876,1.9949744404761642,1.76828911763521
mp-758977,5.944210090594998,1.1553187958702618
mp-7791,0.029685441331559207,1.9519263362974992
mp-753287,0.6859743581219672,1.4234229747617984
mp-4360,1.005875493771033,1.8715277893891065
mp-29257,23.98692361242504,5.790523339385868
mp-33300,14.964259147485965,1.3792304002887257
mp-17297,1.6212128250964344,1.311236258200404
mp-13984,1.8175810691016256,0.2629598404258967
mp-7500,0.9806803069746272,2.414133080816818
mp-505702,8.383107027938326,2.128613156761213
mp-5061,12.503366992929154,4.183430715104848
mp-28580,5.102396303073159,1.4022222919861278
mp-27063,5.022380533687597,3.0809241145417645
mp-13230,4.5252669543730235,1.8937212343352574
mp-759107,5.873334695087466,2.467668059495463
mp-18805,14.522005985166427,1.6550477816395341
mp-19239,3.304404240409966,2.816365887322816
mp-28520,18.351957833522718,10.261118887871978
mp-555292,3.2725176611203386,0.7309372520177707
mp-14624,0.798779813727856,2.3260358402251824
mp-20778,8.509171010272231,0.5233826417849798
mp-973793,7.3072685725944835,1.1930452926104715
mp-31149,13.423160825152058,9.597399089304838
mp-9747,3.7627785144004786,0.2833095999533409
mp-16934,11.960257723312719,1.5955423985173391
mp-558828,3.2751201564240318,3.474600230229094
mp-754065,14.072980788560288,1.0985200451159873
mp-10809,0.9765284718237754,2.718802574869053
mp-25316,12.798841185969799,0.815398968217662
mp-677323,7.409994630983174,7.111044171171476
mp-18918,13.801167048425699,2.103172318489536
mp-3667,2.6937000483135343,2.0968262239363167
mp-756117,19.02242826462597,2.4334301281149417
mp-28989,11.043388151755407,0.29000818816661195
mp-643727,5.08900968864533,0.2772789823788463
mp-4359,9.2316288183261,0.9797852027202145
mp-610744,7.018494797565336,0.5438748468122184
mp-760089,2.780549834908413,1.9104053873262838
mp-761931,2.9598849834539838,2.158313510769226
mp-1705,2.7591669352487664,3.2897388133744356
mp-1208162,24.340756635395536,2.0782815318043912
mp-23446,8.394866111042303,4.617264602725139
mp-754233,4.711905519117985,1.2455792019735812
mp-754838,1.081765570459657,2.326125300442561
mp-765470,5.481357265312187,0.8533361876900063
mp-2030,12.424057869696899,16.560384344747774
mp-571084,2.385659271556903,1.255024261527989
mp-14038,5.851632036391674,1.7855027767267506
mp-1102534,19.478896296216945,9.640676465962466
mp-8415,4.7659341462469555,0.531485124771456
mp-754929,5.238704895776875,1.3865390736789218
mp-9576,5.410581810757968,5.41014632008925
mp-867193,10.017948714459648,18.665988047274368
mp-9059,5.0050283784680145,2.726232444490889
mp-1029863,11.779628313275644,10.330131664762078
mp-1113583,1.4215078944860664,1.865330585243402
mp-23891,0.6513545021849643,1.9818896277890288
mp-551203,7.471973290878598,2.3501187279844427
mp-1029592,5.171003067757967,2.6524984043456636
mp-722865,6.410252464317297,1.5096683293264885
mp-23996,2.4483366607851798,0.20989470502492336
mp-753906,15.853576682877089,3.595426906202471
mp-757722,1.7498863720114184,1.6492357115263199
mp-2741,6.761297954579604,0.6340693826321178
mp-1029967,0.6068101026255813,3.5591610991898763
mp-553342,3.9649212170970753,0.6761564373550135
mp-540635,1.0014756804005829,2.8617802602732567
mp-4026,9.20960006431088,5.617333298289179
mp-1105549,41.23181936185926,0.4887322316862961
mp-1113857,2.8216336257428596,0.5995535450842404
mp-22963,4.360996211196381,1.7065132255352304
mp-510557,3.0399737996903817,0.8457659707585078
mp-20088,0.07526983768481552,0.8384804572630437
mp-19218,3.7292980173817845,3.302565591458362
mp-18147,2.6157820171268247,1.0324910099168512
mp-23079,0.15578985690187927,0.749502675917666
mp-675800,7.634716660980848,0.48181084517509654
mp-18741,2.855851225764175,2.6523885596590517
mp-28901,5.880243665293481,0.8541224979972941
mp-10461,6.479258152349552,2.9501375125404614
mp-4964,24.480153441694334,3.9476661363821655
mp-1205739,0.48942732914677944,0.39601793978097455
mp-755478,10.378816291027295,0.8078084341950836
mp-37381,13.848202174478313,0.2810708892222255
mp-27263,3.7675793137085987,2.4453639724304432
mp-1220913,12.12841891766938,1.760071775660874
mp-1228810,18.16099227780867,16.938188262052808
mp-1189906,3.084946357634923,0.37650046332104986
mp-3771,2.0684325095662404,3.134855601970363
mp-759568,8.935239659920553,0.17025626133220648
mp-557142,8.059410147990008,1.417024332798311
mp-775164,9.288075033139714,1.2872262894694528
mp-559091,1.70086219334205,0.46041999982000437
mp-27243,9.11184538379802,1.1525224624991126
mp-12459,8.357199450322584,0.5469629041314203
mp-22328,3.245314012417622,1.2975287239186106
mp-14115,21.527709090616092,1.9977411399701097
mp-1008858,0.35455874538946675,14.123227316051372
mp-41191,6.35358048009976,1.0085679004755268
mp-3524,8.109000730099998,2.0324426378569753
mp-30456,8.418987955530927,4.0070817412659245
mvc-11129,10.377801890955766,1.6108890618984217
mp-1543124,25.543054136115664,0.01553350837145336
mp-755342,0.6449160292685242,3.012998592339726
mp-29931,0.3910387618676723,2.423372253058607
mp-1178403,2.974429902581595,1.4679620740004065
mp-1205352,1.9170232581091793,0.7580918443349176
mp-6960,7.766254420486708,2.756737433830132
mp-865101,22.930763692480873,8.254560883008237
mp-29163,10.097749008915219,0.2074581308203569
mp-1541,3.3287885559671593,2.4163934651269328
mp-1207448,42.29844699161552,25.51081298771713
mp-1540712,52.90920349698106,1.3117396368809295
mp-30321,1.6769577077236557,2.418138944324728
mp-15013,0.13988623223480362,1.9935995654726808
mp-22966,0.7801872218714169,0.4748072235815865
mp-28582,2.6820851375837993,0.21695022055050694
mp-37498,3.4779063474468765,0.2579815038687692
mp-28475,4.11686870857169,0.4059101417670914
mp-6920,1.7931601451222354,1.5470929744250184
mp-760307,4.689258515494716,0.6448547976864826
mp-19957,11.66599663873914,1.7494559364680486
mp-563025,7.016179243472312,0.7918500275221227
mp-9321,20.048484016457486,6.62839640238574
mp-1103664,0.8255117008808065,0.8829370921150118
mp-560149,5.452820440426188,2.552762725099505
mp-561200,1.8118681450282077,1.8977909284461272
mp-23675,1.866847924268861,0.29789857781627455
mp-756005,13.526895637898345,0.6029169636864674
mp-570248,1.7062336462565981,1.2189538757660552
mp-3416,0.2580119610388285,0.5446456390658649
mp-675101,5.505650080135409,1.022058154843518
mp-4691,3.6818786277069315,2.8360906925891234
mp-998569,2.569768448989032,2.815270232912202
mp-752484,6.424395017044329,1.1951852766108177
mp-5878,6.160736067540158,1.9467842377943547
mp-24500,2.3626460158777878,0.9401165880175057
mp-9920,0.4354488162159265,2.0417517395651092
mp-776816,10.48632998518238,1.675266825124669
mp-1080232,1.3249513944093598,2.4120942994356844
mp-557391,0.07752252909466938,2.2144681965835225
mp-7191,5.340788955968212,4.241974226339617
mp-643759,2.364810676078164,0.8510750192845099
mp-30993,3.129298833925031,1.6882543789360092
mp-31116,12.579106873597492,2.307345656842138
mp-753051,3.4016355712189115,3.1230076431441844
mp-1078636,15.680661806526233,8.67488306023017
mp-27987,0.14465011780890003,1.4974653387472208
mp-1103527,2.6987661275515666,0.5386255666289747
mp-38011,3.3461797375843454,1.7523120815268505
mp-9262,0.1478059506054109,1.409517997796366
mp-753262,6.28752645434289,1.3661807654597848
mp-23884,1.2469015646537047,0.2834442084916224
mp-561189,8.662883132839305,0.873895937268392
mp-6856,0.2625190565880084,1.4907773416355647
mp-1178399,0.9937807304161849,2.421666354209729
mp-989616,13.400717389648042,3.5803485524364134
mp-27419,5.4776296333617776,0.40555291045760644
mp-567713,0.8996437018282962,4.8980818182772925
mp-20805,6.573186079973602,0.4902794956402273
mp-556859,4.773021952469148,4.471806067121877
mp-18247,7.121529662306684,3.3730332334112
mp-675748,3.677465306009408,4.246738264434648
mp-8042,8.586638526278579,3.3946660174367556
mp-1095586,0.2851817470684276,1.8812886141739604
mp-9911,0.7024025824610449,1.1413764092758725
mp-29590,3.1393426928709056,1.5189127485983278
mp-14288,3.1423334680827253,2.45770321822429
mp-755950,5.915285897680629,1.1565486484154683
mp-752826,8.637472935275381,2.3220216410975176
mp-1173671,2.5364898803710836,0.5970884522955289
mp-504498,10.24006451756747,4.8741959407941895
mp-10517,3.1297965090966895,1.5930525487323706
mp-1020031,9.274872875478888,2.899955876372509
mp-18578,5.081971431380453,3.612045889288002
mp-37829,6.621767179287016,4.979630648215786
mp-28408,3.8887423337545917,2.1915738881599265
mp-541378,0.20575807102483704,1.8848052719338904
mp-1244569,0.6240571248366231,0.3486368064488171
mp-23910,9.293257784345148,2.8085596069846814
mp-1020797,3.472600067385623,1.4592132628487668
mp-5005,6.7442813913538515,0.029026759249818034
mp-611316,0.9279934694500852,1.7465778169619603
mp-17389,5.370845713616783,5.781515329892224
mp-765775,11.203698141061418,2.367665448266601
mp-768232,5.598476761207215,1.5319602250102717
mp-22874,15.639630055282025,1.7724809554286964
mp-5185,3.906509192190835,1.2530011047025789
mp-567809,1.7431883820157572,1.47511675729789
mp-8257,1.7729019294406572,1.5038548281955373
mp-5874,11.742845034538961,3.630203849517815
mp-752506,5.267450718736715,1.0547744721727403
mp-752965,15.335101515041096,5.066625562243673
mp-5621,5.458469316044709,6.388054116803357
mp-1210180,9.515742404622124,0.9490994489846469
mp-1602,1.0411979514781322,0.49644182461933345
mp-8187,14.994416975720263,1.8371930669753693
mp-1209072,42.311356447536156,1.1339028991153204
mp-757107,3.1373303311785303,0.9507464934173346
mp-14058,4.6043959284530285,0.6035808821568358
mp-644222,7.004027382271321,2.6714568188124486
mp-5077,9.431565185424741,2.0092030825778284
mp-10615,8.81593613380925,8.385194252246935
mp-558808,3.711097584677988,1.4451832940701397
mp-756696,10.977793253639646,3.7650459937133487
mp-1223443,39.59242507696121,3.9564020914683913
mp-7471,3.554018781090689,0.8795161926000511
mp-760506,2.9037980013717446,2.8298248237194485
mp-4405,0.41650179386888364,1.0777794271241135
mp-29310,1.1507235138775762,1.570581830848842
mp-561664,9.23899021210598,1.8584900982377595
mp-27912,5.404564334808827,1.8916547490739462
mp-23503,1.0693280566243049,0.7067500665863611
mp-1208776,29.67867529969167,3.9462678042276678
mp-7204,3.3853900452012327,4.062371871735083
mp-769148,1.3824029977720602,2.9967088594734466
mp-24040,4.33135576564103,0.7489344855841938
mp-1542401,4.230194522523739,0.4664276076082215
mp-18843,6.301046817214286,0.003960021993749311
mp-756044,0.6908260404504062,1.0482183618397927
mp-768203,0.9127743859618992,1.0341263380959564
mp-754206,0.11739087419422688,2.1089039750215943
mp-643895,8.036404731927382,0.7633089096997782
mp-864900,8.46401415983778,12.019626686467882
mp-760580,1.2459353528454613,0.6427289577802441
mp-754712,1.903780318487061,0.7042234694894165
mp-9107,3.226648776684517,7.2058072445944825
mp-10166,1.2315486501625514,0.27363138831027484
mp-557686,3.0174028113111255,0.7388547783648499
mp-778061,3.453206971435166,1.7513914190178494
mp-642831,4.9641302965356155,1.8747747852246301
mp-1029562,2.81969008799782,0.48056005234473703
mp-548469,4.466502408907331,3.157623743167624
mp-7262,11.49245475303453,12.463958006767655
mp-2530,6.573163956479319,2.43701669490548
mvc-7701,9.579638240775015,0.23978447855297796
mp-5048,5.545596199698488,4.109281396771468
mp-20554,4.953064069281252,4.348460279383832
mp-8081,2.335606181872374,0.990372890833647
mp-753525,6.9366426124959295,1.4314569846315377
mp-643036,2.295851161018993,0.9919369450527805
mp-1014013,1.5258622357835914,0.5759657671730483
mp-28328,4.5590553279874815,3.3486027368768814
mp-753222,8.807362504254845,1.9490422329499981
mp-4051,11.176137002735432,0.2735998404839794
mp-27126,3.0424323816796783,2.0435306120564487
mp-540957,11.855022843930291,0.926254815697676
mp-765725,10.231870333594562,3.6248923496631495
mp-1227372,8.565942740472629,12.53802215798277
mp-621112,5.927976277439588,1.8077785524825352
mp-1209528,12.944182014147934,1.5105247473164585
mp-28538,3.1889043542080926,0.42719680786058656
mp-561319,2.6646211491662486,2.026376119454584
mp-1069695,5.932658023476278,11.722880686287802
mp-1220757,5.241188096059757,1.0341987884263706
mp-27257,2.089409311724001,1.8478777280412255
mp-28007,10.753202308527875,2.3210446560683904
mp-9812,2.602173213805429,2.1463363498346
mp-34982,10.831079906339781,5.161396429550321
mp-557414,6.52202678447132,0.20734213517072828
mp-14091,5.50467483417609,4.753787301065835
mp-28546,9.257893250733147,3.008897746573659
mp-560956,2.91927669462894,0.25104672281044554
mp-23349,4.835535271334815,2.2948943641395907
mp-723049,0.7587481024649141,1.2278758047955916
mp-1147776,4.812041763878315,0.35064879003419924
mp-14363,7.802336699524571,0.26796818342624557
mp-556802,2.7201443442765205,1.589679415959339
mp-772052,0.13387754358892898,0.5086034320704551
mp-755898,28.82665670864722,1.9265919606163793
mp-29468,2.9712000048807816,1.3560617942832252
mp-4586,2.2664783998308606,2.7912058037160294
mp-571442,3.554986052685656,1.747208111897388
mp-998561,6.516302544514829,0.7231491736274961
mp-9205,2.741341929425047,1.7712450070538086
mp-30991,3.0526381018641087,2.2676308538414496
mp-675011,0.8084219799658354,1.5467550462182367
mp-559691,5.9874668319435935,1.5006816140643007
mp-8621,8.157007199135785,3.4520460504864556
mp-1219606,14.260513198681515,0.3606338672588627
mp-28567,7.011045173829027,2.350760854396468
mp-760461,5.388502790100615,0.9462003835511477
mp-24136,2.42513920833779,1.1231008904277873
mp-643043,6.119237817109374,1.0061142972310047
mp-23193,2.264147264089036,1.1091687409261994
mp-1104024,7.60797874560052,1.4586803771291703
mp-37153,2.5146659624016467,0.9116838838571103
mp-675634,40.871542622361,2.5762755788017886
mp-34034,15.53902650515864,3.5214115886909996
mp-558917,3.342851856029413,0.8831811951451433
mp-554733,3.6629700397005487,1.3333220366784504
mp-23162,3.191874489850479,3.1930005201134954
mp-23192,1.4275685665280367,1.6399936623283693
mp-30949,24.642421547326258,3.862201821292993
mp-1028668,3.3055192777879436,0.5100160571067692
mp-14790,20.851079207860543,32.62042669462508
mp-1221753,7.341349780775035,9.093097568487849
mp-14637,7.252398437101665,3.039147663649082
mp-1287668,7.556598519339088,3.140219380425917
mp-634059,3.5535942490360792,1.150887474281476
mp-758637,3.6978967264708897,0.33494101609740373
mp-16253,22.892697138764202,15.640243284300366
mp-1184118,5.800751679594647,2.721730859049188
mp-557865,2.14935672504888,0.8424435401224082
mp-560008,11.365915863784616,2.334549657372793
mp-18835,3.5251972317824616,0.14646037175627524
mp-7290,10.689243517486421,5.93888003278835
mp-2136,41.13754495774974,3.2596106652768504
mp-989604,8.118773335263958,4.357037193043191
mp-752753,0.514581468187326,3.9038148255959744
mp-698018,1.8061246855222242,0.5638980193309675
mp-996996,8.72512662607122,3.3042382048661043
mp-1113448,3.2311159404888854,2.4562991362738984
mp-10341,8.629038428312356,2.551178807333952
mp-865492,69.50743123297812,5.15253000362837
mp-997589,51.79855440018445,2.6574235609933563
mp-1009087,5.408675683737151,9.13416416405785
mp-778602,4.073565273382066,2.2183340355189016
mp-1025567,4.246025618887476,2.3873969769903924
mp-753539,6.198382366655132,0.5604316967520971
mp-754840,7.681982828668951,0.15810998132903856
mp-755051,4.294407540956222,2.7910029067235453
mp-770707,5.9088261359148495,0.665552698331824
mp-763985,4.60141774205444,2.157908065765653
mp-1219582,10.391400525605768,0.3744646142991972
mp-753436,7.388467508907565,3.0573623406032606
mp-1020615,3.4790261962466458,1.3234871741846377
mp-1210286,4.6922487013935426,3.0053312185531107
mp-545999,11.696981024789672,11.085829724980298
mp-29055,2.9442079681629902,13.443001675454378
mp-1000,8.028507825974476,5.245168697082301
mp-755505,6.629857801751111,2.5161479691614645
mp-22691,0.8427294774691546,5.675976889604548
mp-776356,14.965413655036228,0.011371233157595554
mp-27453,7.540428199876833,2.8200284983187296
mp-753460,8.514968437637199,1.106519258801679
mp-600004,2.239162185160772,1.007018897385182
mp-12181,1.9126682331959346,2.6826664407005474
mp-9731,1.1332928568623142,0.5748013043381353
mp-540900,0.31477106344987954,0.5273582411960294
mp-9274,5.311959541224859,6.136886015866609
mp-1018630,0.512014690686734,6.5472420550222985
mp-5546,16.398060387810798,2.442183576007542
mp-677192,1.459596781628809,1.4335028665639051
mp-28266,4.019890064480337,13.817324474634061
mp-502,0.17720245452530706,0.747323513666865
mp-37990,1.189209335054645,0.7642145229645035
mp-6867,6.449333881209089,1.6845819335659429
mp-28595,0.7022457128547932,2.7957069965841868
mp-600001,2.0522243106096743,0.6839541320955791
mp-18262,5.4427633207025545,3.297306315739264
mp-3370,5.744835601171941,2.6745677926862874
mp-23036,1.5961304789650677,2.6904726322701005
mp-18837,8.580752083751628,1.650473767706045
mp-753195,3.7203481696886684,1.5746653720793966
mp-556120,7.213754735158557,1.6121687453203397
mp-15794,6.368108923350798,3.9923003194415685
mp-14241,8.185920240541659,3.8584252881796828
mp-27569,5.892728750700925,1.132161926801731
mp-555434,0.2251305546458836,2.784352435163681
mp-754249,7.397117883094654,1.5154946403250524
mp-556585,2.3430889173853875,0.9774908998797336
mp-7744,2.942651901460174,1.956011975497469
mp-546027,26.568635988407237,5.432464151984209
mp-774833,10.631177982276416,4.866888426719363
mp-28899,1.7064522828815165,12.978656789283926
mp-686677,2.284014856630006,0.11278988408151551
mp-25403,5.449232259471428,0.5119729812939836
mp-675620,23.908253356191032,0.9736191074031589
mp-9583,3.090549985727421,0.6415725510087721
mp-753280,4.358644901294798,1.5474373335473004
mp-756668,10.422612633587885,4.1575702575369125
mp-755132,13.529327842582731,5.460686678939518
mp-344,6.216142830529922,3.8928333412265297
mp-669426,0.3069696670021078,2.0947003382591256
mp-19894,10.742625495336858,5.916071284689726
mp-771264,10.020209645927661,1.6131148446088015
mp-10096,11.255554979676443,1.4366149298463509
mp-1539446,0.5698811877075286,0.34898477981994214
mp-1226003,8.248547081851298,8.31539675731617
mp-22895,3.4968067429895835,6.330059464169273
mp-23774,2.1123294838169127,1.2170004036329263
mp-27047,6.899024525646802,2.772938479103305
mp-4497,3.8806098631866814,0.4294104934900588
mp-561317,3.7384395496709972,0.6492767717968069
mp-8972,6.962945422228024,3.8513904923963644
mp-1079513,7.168158469593687,0.5986428828344998
mp-14753,4.07733149960091,3.560178067397308
mp-27214,67.48459957155819,1.9966303491092865
mp-17891,6.953079540716813,1.106500683768101
mp-7492,8.961694864161329,2.3926920567481713
mp-569522,8.441050025182415,5.190335379732756
mp-696125,0.5521977298567448,0.2840440257687849
mp-42805,6.0052010847281485,0.4436542254812524
mp-6208,1.649570091506901,1.7184603512939876
mp-754230,13.548412661391888,5.262599021512564
mp-8560,2.0510240139968356,1.5329760033628215
mp-7688,3.125674065466161,1.3032390957294073
mp-752920,7.835906258477743,2.7295422218905516
mp-27833,3.769532424694747,1.6494654277405227
mp-1222661,3.658626138348707,2.5241266328449936
mp-35751,0.5687018530644369,1.9175439994887609
mp-18500,4.965543704842906,6.970981467490201
mp-8070,1.8095311500052944,2.2010827260653762
mp-33606,3.5280714772128454,8.315228106420806
mp-755522,2.6228519437694633,3.5630763668978287
mp-510281,11.406944070286789,0.9297493300215309
mp-29760,1.8277049270716137,2.24103780585342
mp-505281,0.29721323996387483,0.568457637482813
mp-5342,6.2876350924518345,1.0573992747459422
mp-561744,18.27141952885611,3.9361886708940172
mp-1147773,6.163659017521527,0.9169516172592523
mp-1228446,54.97503068577153,5.224504156853566
mp-1747,2.959865203384476,0.22016350870798396
mp-550622,11.660617099643847,2.828332594921207
mp-9562,6.308321603500521,8.354102734200913
mp-588,3.23173942281966,0.9096573000576815
mp-32750,1.5890553848209217,0.207721890097519
mp-974434,2.373311924551784,4.479673037131069
mp-557465,1.239750458429936,1.1875858377273594
mp-6922,4.238469301648053,1.1038821040326714
mp-909,6.87762054259658,1.7548368260167821
mp-7434,7.14929904913048,4.5641855546762775
mp-541581,5.434552719497944,2.012711900102639
mp-1102545,20.209037098283215,6.965188127976224
mp-570377,3.496737452578384,0.35611118647680845
mp-554643,7.976369714220766,0.7543777191962439
mp-559893,7.929704305590273,2.396696607998324
mp-1120741,1.5597716390872274,2.614913242331069
mp-555070,4.977980305506134,2.8485748644389095
mp-561942,6.1351937593072465,1.2649854656459205
mp-625686,3.7811855035716424,2.028047047302626
mp-673126,9.866668364167877,2.4930103105720116
mp-3104,2.6979558793811744,0.13158131849763274
mp-1079149,6.827296121136939,8.778999911608098
mp-1246515,8.875644492996932,6.067382685806651
mp-558835,4.421466087585044,0.2766109660040142
mp-8943,2.401309598527439,4.398908975498786
mp-6948,3.350349802787251,2.225661139288862
mp-30980,8.619727714758183,2.4758636484630094
mp-37399,10.843891874528012,0.31535746789414676
mp-754833,18.876592701976424,3.682149065095453
mp-17229,1.178111771839887,0.650255770355536
mp-8291,9.858019006456194,2.1323393694404302
mp-1020019,5.607041545533479,2.817893132141057
mp-542136,2.4219160561302813,0.9391283259856905
mp-35647,0.2918227772394956,4.087559720412474
mp-753203,16.07717048576729,1.8692292619555342
mp-22935,8.962748656010016,0.39459253486847107
mp-555874,2.9634791526134343,7.31236464310735
mp-30908,8.230533521239519,2.2319893817683414
mp-7582,4.592338760221968,4.335850164220434
mp-7198,7.516714598238631,5.459554176848728
mp-690525,19.155771932543892,2.8624297925728626
mp-2160,16.382431667109945,8.975220861946122
mp-1029262,2.4752325128558312,2.9775735644991723
mp-546757,9.204153029850014,0.5247526597375037
mp-758602,1.082504558862081,2.209402893969982
mp-27563,19.337965559545836,3.6752676724507536
mp-1029965,41.20907940194849,22.12684651880737
mp-4809,4.400560963407434,4.211028045043729
mp-557403,5.932303309465349,1.45592096099775
mp-6949,3.304924749940513,0.5727625431582785
mp-6591,1.079787586090095,1.3345093140358355
mp-22756,18.886553887282275,0.1804975225677543
mp-643066,2.913908183059794,2.290953476970508
mp-626835,2.897814445062506,0.3230341027213771
mp-22965,17.413671257695754,3.3429039115082495
mp-1019589,36.03726440397993,3.160864419655274
mp-11925,5.155710363594367,3.760773442572956
mp-6841,3.7018992112984077,3.485935667555157
mp-752801,2.3615629984734126,0.9350541189694164
mp-643259,0.8419090671335427,1.8338922997383662
mp-24589,3.2830431474178257,0.30930333312138103
mp-11738,1.499276613977838,3.3482161511194817
mp-1220823,21.379988183545677,0.2732011953695931
mp-755492,2.2852570924876496,3.9445672944665273
mp-989558,0.34524928454359316,2.3582547106655434
mp-20546,13.51144450752708,4.473862746829206
mp-15549,6.315597261885196,1.0705548116145953
mp-34460,0.14636824027426878,0.19957689288848768
mp-1208643,14.933799400873284,0.015172225828469681
mp-1848,26.252738729968712,19.84796598842128
mp-971661,5.247411885761129,9.478360832525293
mp-16314,19.9304829077227,27.140047147526165
mp-1190360,1.809508434785516,2.914460354781584
mp-1119092,12.819447494560722,3.7308382623119347
mp-9248,2.11143752766831,3.061081901584195
mp-1317,28.02096528784754,18.14882961807357
mp-849770,3.9115190361662773,3.7599230206820726
mp-866056,12.392633031814754,3.361377472516811
mp-510341,6.886980635451819,8.021001582929692
mp-5020,0.19067777444422138,2.662427476255508
mp-569548,1.789257052490143,0.3492445122833971
mp-2437,2.5629469692881024,5.055548229867164
mp-24007,7.155801260795362,0.5967588663977177
mp-1210128,0.01678816368531397,1.2670224666970578
mp-865024,2.45816839409973,1.3349970383932386
mp-14435,9.239346836684875,0.7341807104489395
mp-644285,4.526932893388698,2.2590797511839433
mp-625231,5.147759068352653,0.46235343744231955
mp-568428,4.395013041321076,0.7042908853803486
mp-1285,9.901432165624424,0.5674959139752178
mp-9856,13.622256845497246,4.8067624544066785
mp-1211670,26.214429064932624,1.6757585010600489
mp-10086,13.17115237822391,0.7869354055528264
mp-554472,0.7645619393056641,1.8082771700826585
mp-1193106,5.63518675346599,3.4946275850912927
mp-684745,28.97802498666664,1.6027300871537822
mp-850195,1.6302161810280065,0.2991357917080913
mp-1106183,1.44749156487488,4.166839806182745
mp-755527,7.902946907685358,0.8554685079188936
mp-20459,34.19331047448615,4.459311029169463
mp-13982,2.027543707490168,6.278821031014608
mp-3855,3.719464983639756,1.157968015328368
mp-560186,0.11777424575312156,1.7447914412491725
mp-14336,2.71917042179255,2.451477936684393
mp-1094088,12.754454388977088,12.979570401256622
mp-1029294,5.38014864791168,1.458161255214881
mp-755391,2.18398815396636,3.5760369533394165
mp-30120,5.227297742254041,3.137922701558717
mp-5431,18.11252522996571,3.135684409456558
mp-690977,7.750964903713277,3.621364384625808
mp-1113441,9.400260505081889,2.292401815515081
mp-971678,6.481177717386833,4.1108254744231576e-05
mp-758018,9.307836832980922,1.467148982090602
mp-11582,7.534517992351279,2.6769741298225176
mp-557539,0.04804359347520646,0.06716958017244189
mp-14482,37.11039665098383,4.249359659965592
mp-639463,3.234787082049383,0.7815252151096372
mp-980057,1.8019024108935424,9.280340906873294
mp-657176,1.0135679603179695,0.1458911118705955
mp-686129,2.7912495149857413,4.277927349381975
mp-14444,5.146882919662474,3.030664414127558
mp-1208447,7.0900384874243585,0.07945277584150455
mp-14415,12.029000497488951,2.893519230924865
mp-30943,4.838461787528497,0.2320627889897528
mp-11168,1.5945876507773642,4.09081450827522
mp-13542,11.832331354497871,8.257628953641298
mp-1018678,6.07081085436696,0.8681114380963577
mp-757,4.604115815526685,6.57293626344342
mp-1087504,14.209384356661012,6.514862725773548
mp-13985,6.537363237768841,0.7093444658176639
mp-559200,6.542686354264784,4.195982534797761
mp-675475,4.047925169425181,2.585386403142318
mp-42255,15.448322678834877,1.0033607027811982
mp-1023926,1.9071421628189211,2.7374905742897337
mp-545820,11.645542576604713,5.249213244130144
mp-14827,2.8394690527408533,0.5368258676469387
mp-18889,10.123666719164731,2.19735248208057
mp-864928,11.85373905767782,2.8667627881694906
mp-754222,3.292129327400144,3.1459791679958955
mp-761669,41.25333499737417,1.0625439404064447
mp-561412,5.41233041781999,0.5745814716495727
mp-1008867,2.289038432922289,0.2727192938106763
mp-1225887,6.34356465807781,3.5213680177621143
mp-14128,5.969703760722222,1.3302642297758975
mp-561710,8.926669263961156,1.4773544803980807
mp-28797,11.453972209780064,6.197075571542047
mp-757163,0.7543383189460132,0.30425181408056023
mp-20098,9.664520731124643,0.9518919367488526
mp-757754,0.6785509291958148,0.14959147623911034
mp-1207861,3.723371128001691,0.022148234886844982
mp-556185,8.390950151362755,0.6825479026615734
mp-7467,1.6156777624986751,0.18167080977495695
mp-20726,18.380975730486576,1.5879902576314326
mp-1190588,2.7150367543886698,0.18214969742016834
mp-28872,2.7473487294677863,0.26468705440742496
mp-27138,10.721987686149319,2.7303877776894496
mp-14780,3.871564463835474,0.9704578767203643
mp-632326,0.6462131228578569,0.6855749714310678
mp-19215,0.8859481802421262,2.8785839381138265
mp-16264,4.461860707320725,2.569166979961315
mp-23612,3.2385582348021273,0.5616362395559967
mp-6564,5.9315147959777255,2.3886233153092715
mp-773085,1.5606840067021033,1.239087473821125
mp-6972,9.187012646537708,1.6258901148580294
mp-41734,1.149974884192583,1.6979060590701274
mp-755203,21.594528295377764,0.09799408619059399
mp-567817,15.93138164440069,4.380762286330143
mp-7060,6.545528029003894,2.024889024361188
mp-633158,1.4543602503285311,0.08038498960102815
mp-24119,17.110221232853004,2.820583196857409
mp-23991,11.33743522060531,2.4726198823938286
mvc-16283,1.0594129485980777,1.4108989991553669
mp-8278,8.317835513058407,0.4124010988388922
mp-20458,4.41624402649678,0.026581472456278375
mp-556880,0.017167885268957045,1.2136931315965847
mp-676723,4.12222239501666,1.5103692216628553
mp-5478,9.739465198932288,8.464021252976247
mp-23807,8.15883908079701,1.964247633998594
mp-6968,3.4665590883312607,0.27967377860731946
mp-676650,7.876385682668902,3.0349694567125374
mp-754363,18.7705857355611,0.8601432495717287
mp-20832,13.315861201394368,1.3684121626374843
mp-8290,5.3656006174177495,0.11099214683872416
mp-27172,1.2940400685489106,0.4681663888282652
mp-12221,1.4783006609121911,0.2835899850481798
mp-23004,6.373704236260085,0.41547045234129304
mp-752764,2.3591738540884504,0.9429813849300772
mp-9775,0.7227342961639783,3.0308012247179934
mp-644607,0.5324329043965547,1.098963444535397
mp-28013,6.288334975921212,0.6537626245173749
mp-29422,2.0759297346321084,0.2657606885343891
mp-553278,6.81396329394575,4.139082449514685
mp-549706,3.563655060243735,0.04677708267022012
mp-1105692,13.574516207985228,7.377297493410797
mp-1188089,11.59857962508399,7.2159201911228275
mp-29454,3.9394494348337736,3.2785620879079547
mp-13308,2.9424211258129276,1.7551094113124146
mp-8753,6.933573223649395,0.37859782890296145
mp-758499,5.725993901659691,2.738959274299362
mp-15661,44.35059868155645,5.062684769569904
mp-571195,0.9663961097551816,4.676217665326102
mp-569675,13.939490118830484,3.1905546443697954
mp-1211274,1.1262148737792326,1.9327927649664434
mp-12355,13.601126566740676,0.5677116603670205
mp-1078295,13.529666128498462,2.080570469600201
mp-1065514,1.6185499716824665,1.6297978311167955
mp-1190364,15.918196745699221,3.866274156116775
mp-306,3.8491274965542273,1.493722894179023
mp-35907,11.450701671946419,9.648250426764823
mp-1208634,1.9938966360058992,0.8593431925999547
mp-771648,5.352199444947641,2.6214912601419686
mp-573697,4.509476860932979,2.129647930739833
mp-3519,11.09459288686626,6.043033812685743
mp-23771,4.510100559071313,0.9948913488302801
mp-19056,1.0540245011976437,0.6894215695430614
mp-675625,4.506280573443961,1.4465117512234744
mp-1211643,5.224964972871709,1.2220686236496714
mp-510075,6.725094756077317,3.662510846039138
mp-31218,2.670320305517851,0.450310320098033
mp-648,6.099777934294559,0.7610552376959653
mp-5955,0.3776499985913355,0.48562641282751273
mp-766,10.696553772113408,19.862917232630025
mp-5246,4.199401408701729,3.3017584830227635
mp-13992,0.7704115730585397,3.3485976310769896
mp-644225,13.860964514390108,1.4829229896505787
mp-20015,18.790229798840965,1.8160187938053673
mp-1029655,17.233809626775887,12.801335948030273
mp-28099,3.948232493175421,2.7043321428619636
mp-14368,0.38627688775169927,1.9868956260325903
mp-19163,1.483861181899746,0.5470942044881781
mp-1029652,5.352978161980131,4.011922337787025
mp-15939,4.798041532690957,1.0024415033421405
mvc-7386,4.566406438196241,0.8206802743738806
mp-12855,28.640791758080432,18.707030811112087
mp-3338,1.5238398467142062,2.341409065346671
mp-753647,3.301760303103888,1.9939693249438395
mp-1209499,1.012435307738817,1.9760274006801737
mp-23273,29.331198132480996,1.8342733144423502
mp-15983,57.40342524386001,2.876706217108474
mp-776922,6.926201608531757,3.558188731952108
mp-754459,12.133352730145766,1.1172236376810585
mp-4514,21.767258884424265,1.6368519623570112
mp-554311,0.5462177473377182,0.3429701027445213
mp-1019893,12.971858774753311,5.175439664752947
mp-27648,0.9721219506674597,7.11942017996065
mp-15833,7.126254317064676,1.5453500388929944
mp-600000,1.3432501617209363,1.619045922457454
mp-614603,2.893120116430496,1.4708831853973665
mp-1013911,4.198468898216566,1.539516284235065
mp-1222442,4.699241499756152,1.073773680715039
mp-8818,13.73696116980541,0.40822198862390174
mp-1103771,8.625169061601063,3.2372963813347266
mp-1714,5.071617547917861,1.801379820848899
mp-29205,1.7032668244031128,0.15053312481076353
mp-24381,0.545880850829154,2.0732469823140027
mp-4309,8.280775123182034,0.6971917007559918
mp-7896,4.164345022751559,1.8418335516097104
mp-26974,4.237601717040216,1.3483757313588245
mp-23341,16.961217136420405,5.854645870257581
mp-19384,1.9188779104014424,2.0624684745389104
mp-19414,51.1284431360038,0.16797388640676753
mp-20397,13.354989078170986,1.8174322808034171
mp-19178,10.924501912761457,8.695087918305576
mp-5679,6.824514450361566,2.3228551956646952
mp-6633,2.2739070539401736,2.2925226093078996
mp-8881,2.1464696783722705,3.308654086816314
mp-554108,6.7394774657654075,1.6426912971603465
mp-961673,3.539770101077678,17.02743238173588
mp-555760,4.036612781410979,0.5679981014372346
mp-1019380,1.1621657877670208,1.018771044607591
mp-8630,6.1300064835007255,6.1785269024459435
mp-772395,2.6304205128779743,1.2183584930529345
mvc-12168,18.199867601885952,1.4015761378658778
mp-1104135,3.2925320539996847,1.022448682648756
mp-558753,5.015106250960857,0.15894193084211228
mp-696983,1.3530610980390667,1.5480130942974972
mp-772968,5.3276948700262805,0.4120706887961893
mp-189,36.18300339905234,39.116531726569264
mp-971787,1.6579632909937199,2.2694537548680254
mp-19252,1.6258938719761962,0.5317738543256926
mp-1078186,0.5884373048693021,0.4736289592022939
mp-25279,6.483751493823682,4.703708033318262
mp-12178,8.060047219828158,0.3240669304861455
mp-989189,7.337844558040034,4.159516849190283
mp-1209234,0.4080612690147489,1.1048497431119215
mp-1216682,0.04622747350221314,3.010847368583871
mp-23177,4.903912873704892,0.6232280731925198
mp-635393,10.952503936680232,2.792517394749651
mp-22872,0.6642626038505747,2.1690780669972467
mp-13868,3.8814442398726228,3.360413135853125
mp-756912,6.909241158112014,2.5541206416408686
mp-30139,2.9396386126394147,2.2967441995211573
mp-17426,8.306420973116346,3.6756171228261643
mp-756632,24.00500704195323,4.119244548413758
mp-1071955,3.583163944570869,0.7575176065698108
mp-1029334,32.54036593537339,23.374559318689187
mp-1205991,1.8013462932174331,1.3322162118136416
mp-31232,4.106859636669638,3.1446584772362844
mp-4280,6.602255266693151,3.9189919779905735
mp-755067,5.429965561607957,2.555654454383236
mp-9437,24.54759058691071,20.56902441152766
mp-1120733,0.6420863048358983,2.922809708311224
mp-28564,4.005515526510824,0.03338378870319773
mp-18126,6.581750351517478,7.593359474686453
mp-5859,2.188149522255803,1.4977764680264911
mp-27666,0.987528339097965,0.10459735342912861
mp-578610,4.1460768351412876,0.7825194862602068
mp-7388,0.6861796857566271,1.1757362130157927
mp-23870,2.3702614687561585,0.5782568036219786
mp-1029385,13.708178188418664,0.7959613344776583
mp-1020122,3.34398908749449,0.8669335350312961
mp-780876,2.3233239014127642,1.0593702050359521
mp-1226191,8.40263806779221,2.1060133133375314
mp-559126,6.224646912373533,1.0978689684327814
mp-756570,1.1402179494035753,1.6882984930836449
mp-10182,2.709153534598096,1.4478337040107103
mp-768941,1.7087974751544925,0.7294505184118569
mp-14367,3.8029299706676363,0.0877566847648703
mp-556609,10.41316576671591,0.40034206434630537
mp-555286,2.774466621498364,2.9004353475960127
mp-18992,13.20323352414368,4.213449481650572
mp-765508,8.844820227387498,1.5371227807611887
mp-1104411,14.927816141131675,4.293505968255987
mp-626068,6.5823194527675435,4.2211974739133025
mp-625142,1.495370951652113,0.3126742807794601
mp-7456,5.1345653286315915,1.051654160935624
mp-557467,4.946467287949048,1.5180454567400807
mp-989562,3.2428967677521183,1.0386932062350538
mp-13801,4.360065370999833,1.6644104436911782
mp-2565,2.902873047251367,0.2643501555358467
mp-556100,8.735326882690778,2.075441895244776
mp-638729,4.571356885630919,0.2918439580663296
mp-23126,11.295680065183248,0.04542318957357527
mp-11917,12.07112950099781,3.8282634239438647
mp-610992,0.3783315693433984,3.6592559049192355
mp-11022,12.627548066528174,4.818144539141086
mp-8673,2.9280425775708747,1.0182231678465816
mp-560675,0.31435614450571997,2.4703938247945465
mp-8393,5.967461655738772,3.18598203278819
mp-1105728,17.610185122731277,7.979758137742569
mp-754615,11.984873431573487,1.878342288213288
mp-561902,10.572199290985868,2.863980510483876
mp-757146,3.878284011370716,2.5304665726449995
mp-23376,6.633121743281869,1.4382517268948753
mp-554959,0.07635502354502086,2.848948243803939
mp-25410,3.8253679933238156,2.5900260326042646
mp-558227,2.415767379495431,1.327575083460049
mp-758632,0.2024998042350959,1.0963462798491377
mp-554845,10.911261148936859,3.435677322420013
mp-18935,1.7172842887287036,0.9999587354229833
mp-555150,5.249967186832143,2.3839887666360897
mp-8188,2.1715969697239266,2.0459711777275214
mp-31126,2.6690139219009192,0.03395266006604477
mp-2455,27.264182062877225,1.5455086214103133
mp-626151,60.06949505964695,0.8740085881544363
mp-772552,7.456618003395028,1.930443373090307
mp-754113,0.6327410780339653,2.8564448760307575
mp-9548,0.8243309565866466,12.414975645528173
mp-11718,0.0867361636350497,1.6272265260372336
mp-12265,0.15665287061286873,2.3889900078624136
mp-23949,3.3415285812928115,3.0846273289865316
mp-1029542,4.228915026110956,3.051981630551935
mp-36912,25.16888660557976,5.581592848848548
mp-19330,3.088509651313178,3.474634067696612
mp-556966,0.648428487933098,2.656599536974276
mp-14193,2.6823532663897467,0.5772791761898476
mp-3762,6.606778290352113,3.8088409866539426
mp-684704,1.0963444453018043,0.510582447415521
mp-15649,24.642339276445238,1.2730300169701636
mp-861950,39.24987424631613,1.3130984281593878
mp-556489,9.440824387810755,5.208645975620706
mp-557878,1.1614778291500836,1.4240721578038478
mp-3481,12.055383602414606,0.12217265829355999
mp-20854,3.087912404086851,0.6700549248026594
mp-1057286,6.133712907958926,0.8596899984041336
mp-23038,1.7016815510069496,1.812757984173711
mp-561519,5.388924459477541,3.3984395970427443
mp-774146,1.4875388758898374,1.623260026567268
mp-625823,7.21319621880469,2.493651138030195
mp-1539672,4.673820260203201,4.129230397466066
mp-1114576,17.520553905386862,1.2192934292982203
mp-29520,9.874836929685532,3.4271467706787293
mp-4081,6.6974407337805655,6.154202936240645
mp-755013,10.422944807402331,3.3319639662050795
mp-17972,9.44953140372014,0.4483689510594362
mp-760360,8.72877268785581,2.90422059436693
mp-3216,6.896936462327137,1.115892736486083
mp-30250,8.685866392954024,2.177843798316027
mp-961682,28.56190881542581,10.208550294405972
mp-979932,21.99022175247052,2.207958400589286
mp-3996,1.230694906102531,1.0284647309928345
mp-1222170,4.319076719249498,2.095597226224606
mp-1078085,3.520696394961927,2.188909737666682
mp-1023132,0.7938255104667568,0.5923149130616415
mp-28096,1.531229274796154,2.4597674864363768
mp-560338,1.5750241720201488,0.9197132344235279
mp-24165,4.634025783778769,1.6932238550565248
mp-625318,0.9854578426601655,2.460802444883863
mp-1018093,22.70928763411319,14.207838754359713
mp-9486,4.1799448724651045,1.29237330144682
mp-850951,2.2853264801353457,2.107649573276926
mp-29808,16.807556831465128,4.21750501652108
mp-9839,1.7276909858979157,1.6340198971898843
mp-759097,1.4864357949447642,2.853586111623468
mp-8892,4.382446373074073,1.4109232547339603
mp-8200,3.1232477307021544,1.7622932067420316
mp-27031,7.270019974665876,3.018644146836397
mp-779689,2.548424562371501,1.3866506874635767
mp-558022,7.125711447650806,1.863907303918552
mp-1220714,5.018187449198956,0.1003449369899178
mp-862983,0.24872463244790222,2.2769249231379556
mp-541097,21.268755538222656,2.426630690585286
mp-19308,9.18594411348679,3.400274521907699
mp-568619,4.414716530317565,3.471335934356959
mp-27999,10.730394935197548,0.6934702393700637
mp-558731,11.485972494582548,2.785704165501404
mp-8313,2.118746860036555,0.6036084105763103
mp-1227994,12.266325783702078,3.814412474408241
mp-1029834,9.121394256461747,0.3848959652356787
mp-27938,17.54067306699095,3.9630480437028464
mp-755246,5.31967301554215,2.6416295401139838
mp-27694,0.5358469361798981,0.012741001845927108
mp-1542038,5.798082860743156,3.3875934200133235
mp-27362,3.1738801910365786,1.217392073791173
mp-756935,9.060214805659394,3.2406114780019584
mp-776618,6.247922117756768,0.7050247771052771
mp-27176,5.3579675982378365,1.1893608753009999
mp-1818,0.485926956950631,0.2713162398601882
mp-7449,4.4705655979466785,0.6090940008911087
mp-562523,3.5479580524413272,0.46024119712036726
mp-540633,3.908733937845006,0.47770535750538995
mp-28250,9.828076295482605,1.7252268299928974
mp-13546,1.4759915736438927,2.864293874143206
mp-8704,8.446068908916336,1.8621688622099757
mp-16280,4.346838001838902,2.343762345770142
mp-554412,9.362125964413686,0.8648142354763511
mp-1700,3.7434485412529868,3.3099942139224203
mp-558102,3.675610566350607,0.5430289825317162
mp-36866,9.692103693661016,0.9013350628680795
mp-18179,10.288218819087259,1.5854173761735977
mp-5881,17.20113740818382,23.87436993434894
mp-16337,7.851473922775133,3.8363725104953
mp-989622,4.298615040524375,4.337221236719682
mp-558749,0.18734226933030826,1.1119091128445746
mp-567542,11.66212412557008,1.4117717935534928
mp-971683,1.2436536575739126,0.5657560349261219
mp-7210,1.2025775808932424,2.0725808508261196
mp-772754,11.725442305557063,0.6373646030381808
mp-7580,1.0727443010065594,2.177182543793891
mp-3247,6.278472345731555,1.8810959618667702
mp-1598,1.1713261672912039,9.699653524754739
mp-549589,3.98843391859761,3.2843943261177184
mp-1100408,1.6515156052455522,13.808546228018734
mp-12814,20.0550834755422,8.859550794267767
mp-558681,2.3744763264739244,1.1386103407198795
mp-752524,2.273811140973979,2.6865862133766982
mp-27824,0.8131354863884918,1.5063812058741914
mp-758054,5.624601915530576,0.977686021020521
mp-756494,3.625367995052207,0.733071044577885
mp-38327,14.924599323449767,6.518448636380907
mp-1009894,4.6275486265051695,9.273947491601753
mp-758397,1.8966214565635957,1.740127768710291
mp-560936,3.7784943070802184,0.6667917917656253
mp-1205391,48.74027952628661,0.7015863267685936
mp-561400,7.9039205361824205,0.3557627522264404
mp-5928,1.4002851459573968,0.8598822658030255
mp-8147,3.781909780200769,1.8807299781629976
mp-28676,2.2765421772409615,1.8425453840367942
mp-37657,0.9924086244165975,1.3936968905448868
mp-1211088,1.2428418491226148,5.768555345728457
mp-574599,1.8138877204811277,0.9996162116846747
mp-753473,1.3428640284024518,2.7145130070881875
mp-560203,2.282555923735814,1.4115876599930346
mp-774155,9.463117460227528,5.866171587265671
mp-1021494,6.16240392024747,3.7354928940501084
mp-20450,28.204490415204226,20.258968287836638
mp-19145,5.04461471605862,0.07041314409586488
mp-23263,6.629062646519332,1.6796865620371417
mp-10219,12.784721521148288,1.656420271661036
mp-1210796,3.8657073769780914,2.7180961865604285
mp-28336,1.3831460085349356,4.357827009227291
mp-15219,6.733510604551143,0.4432831256572056
mp-18759,5.993222374546076,2.1770566516982925
mp-776684,6.165259220124758,0.3898871656132951
mp-28306,4.329577108004256,0.08294319208084855
mp-1189528,8.61287539758305,3.766413956897513
mp-568970,4.954929763934211,0.08241184229680029
mp-753206,1.9742671667172942,0.7409921641887366
mp-7331,0.5762481673638671,2.1228082243982134
mp-5213,1.3473666717665438,2.0752948222880216
mp-568690,2.9961586991155538,3.1647383732391394
mp-557653,1.6404661042181217,1.2082958331741338
mp-555256,32.16442657985315,1.9910349471211986
mp-1205638,16.189532427104087,2.01884144025597
mp-27559,2.2393266684734705,2.214066076404309
mp-8430,7.662108653125009,2.446119289015486
mp-27420,0.7347469862831746,1.0443941380389334
mp-1222009,2.2823538693143712,1.3947094073911688
mp-7949,7.385235942404645,1.7802014875356416
mp-758755,2.292761190053728,2.493297961413011
mp-27455,4.464193911190243,1.4035005003003274
mp-17747,8.23400244315416,2.450396289501877
mp-1106080,13.612966366941354,5.0437906280911395
mp-696944,0.44033006877123393,1.5872340429769394
mp-553243,12.660265785169196,0.08221794869457867
mp-1104686,4.77102863728136,2.962249398900104
mp-19481,6.489590998661464,1.2733217022586811
mp-643062,1.7442142783885488,1.9959618271026622
mp-7825,1.5731309863436338,0.2578469906435942
mp-768521,6.516063476416303,1.449033795515834
mp-22898,2.370195909236638,0.2177527174961984
mp-25296,0.46141786845935034,0.01961638124404769
mp-554542,0.33729876892617383,1.3612338757611533
mp-675879,4.268954092574386,5.589233315005757
mp-1019558,5.501966818897714,0.8176130234108866
mp-775761,4.908596695930219,1.802338968998512
mp-2072,2.0589574049431767,1.1591443842556668
mp-1539667,41.54346516601232,2.2551005158119724
mp-3125,8.57257243895852,0.5697032200440978
mp-675645,42.0218288645651,8.8337281943581
mp-29816,7.50435339464193,7.555140065158756
mp-696379,3.034298481474458,0.698424073672456
mp-3744,0.09032188474198115,7.431025000422827
mp-927,12.221827831399551,13.811067609116266
mp-6426,5.239620479885536,0.30810279050534173
mp-1219649,2.41564108201346,1.553649921764907
mp-16804,9.919648631466757,1.215261768900518
mp-696231,1.3685478494888097,1.3683568611632462
mp-42190,7.319615073641376,0.5530957305285242
mp-352,17.857403313689566,3.026665200399262
mp-6661,1.516566181623342,0.19960115454842461
mp-23262,18.099938866223052,5.784649879926463
mp-4804,9.498872399546551,2.2724411520197303
mp-27294,8.493712936457008,4.198405374854621
mp-561561,5.594714245519617,0.9902398327603958
mp-849731,20.036093351169825,5.325322460286065
mp-1018031,0.0534269717146244,1.1724009245421403
mp-585189,8.885178947575376,0.1453051577425219
mp-23060,8.44858237288004,4.471983944658949
mp-559653,3.4210134777532923,1.7842782985844652
mp-1014244,6.708920770615261,8.33286762811994
mvc-5921,19.686810441693147,4.6674578736965415
mp-1019576,2.0176033782463336,4.24460870447534
mp-684969,0.3040465325112325,2.7306367087859207
mp-632291,0.5013983224831791,0.2260051384618483
mp-23517,9.946075028087844,1.6470422528726678
mp-643573,15.295007924561327,4.060398861157725
mp-23333,8.351232890403248,2.4608976348941782
mp-754445,6.237809640112333,1.834243832732764
mp-604120,4.686009073093627,1.7134732820410277
mp-774235,3.6473600082792172,1.28875580087184
mp-759181,1.4664731737946963,2.31580049856407
mp-1225922,3.1264870083038763,1.1616530454983123
mp-1228172,6.396205309440993,2.535435992347457
mp-19009,1.6077836528241494,2.199571097866134
mp-570259,3.450903951172754,1.3623271180557175
mp-1101989,12.123071699548317,2.6911053227970907
mp-753406,1.0385042605716368,0.8370498964023544
mp-11123,8.523230323585866,4.364195702010703
mp-23702,6.314566499943774,0.6648336260476285
mp-541111,9.393005887138315,2.2421538409900745
mp-8965,7.886098044901479,0.5266573757653408
mp-5926,7.433439662755936,1.5976699310468314
mp-37906,2.6890681307955604,2.8339466654920376
mp-989541,8.491119507446859,0.18806938412305757
mp-763489,6.110846092664884,0.5602624477596029
mp-27852,6.464873446355638,2.89657712193873
mp-626716,0.4795439860790269,0.005066754936711707
mp-23739,0.26988622984798183,1.6115481021026756
mp-8258,2.648682828869867,3.257040880544197
mp-27628,0.3444236121401449,0.6149741518194257
mp-8177,5.585483648685426,1.7440589365088517
mp-14649,2.389897114951143,3.4728857317264934
mp-4419,12.95784618443604,6.109314645660277
mp-1206535,5.606019791901831,1.5550803951962022
mp-625359,1.3405486107717555,2.1486654567649324
mp-753899,6.0841511928654075,0.9621992897822418
mp-1392,6.368516261004785,6.203053640989859
mp-19039,2.4177330518406253,4.7213400931747955
mp-758533,18.523278970031246,1.4229486839062395
mp-33882,18.92535645197342,4.150446092589177
mp-29584,2.8486681007087227,0.8778085984082663
mp-31002,25.232389899300085,9.839384333880984
mp-557257,8.046876247383171,0.9799547778860128
mp-13949,4.132723611385988,2.1910528118525856
mp-1185959,8.177033050852325,1.9302382931074795
mp-555018,0.631187406232072,3.1395909106416857
mp-763318,2.7421057629924217,3.135803940107723
mp-756289,1.9537576234448075,1.952000386016111
mp-18037,14.62980017350101,3.3057756375109553
mp-4495,0.3697656584582029,3.552143258248361
mp-546500,1.0855922451993865,0.6437750858856951
mp-546552,2.369529127530277,1.1504194859886132
mp-752471,11.80336190547548,0.3329447367844813
mp-15157,0.9296228949127706,0.5919566789885018
mp-19086,7.612057696899008,3.954654966175446
mp-615138,43.1192000354663,2.079209519212598
mp-554626,6.596075223441229,2.4934949435659597
mp-29845,4.393377435300966,0.19036215288597802
mp-1113588,9.000338765471167,2.546017290012505
mp-23267,1.1696045871576106,0.20882929985021387
mvc-5908,14.855389382710023,0.7708866679134052
mp-676851,1.1665154487178733,1.2894142247726932
mp-1221169,10.291433167829725,3.77164476369969
mp-27397,4.656556506399034,5.035218347561472
mp-7566,5.73347435739399,0.09494114790994078
mp-34467,6.500350774696511,5.4574094912099556
mp-1017567,10.705976446476058,3.5924100616072385
mp-560882,8.430866471688587,2.974256311913048
mp-756478,11.750168311280557,2.436920165890746
mp-556340,77.07763048964276,0.9124642686451
mp-625488,4.709892129715062,1.9169745014390387
mp-643791,1.3396123435065523,0.17016085671855213
mp-1540016,12.857204037825994,5.317459484516094
mp-1207196,3.1276499894530563,0.7744007091098568
mp-643708,2.418176779973021,1.458166150001074
mp-33723,0.10415544705894161,8.702709120140074
mp-29170,3.2863812772081107,1.124658259208291
mp-762018,4.14620782193676,2.747841600561936
mp-761842,5.483454241135565,1.284969906800952
mp-23737,6.31153726230989,0.9857166473302286
mp-23339,2.3950630198440486,2.5386341370058845
mp-626689,5.975573151396383,2.00900200029788
mp-560025,17.702720031322574,6.2738671490308295
mp-567998,5.369318598210855,3.656648257817956
mp-26783,4.102817088087667,1.4350406971689473
mp-754812,4.500385790013138,1.7737927796630002
mp-1084770,7.495889768057793,2.8595060733770734
mp-23336,0.9880391084528736,0.49221504836067703
mp-561642,3.45433252809469,3.6297463748318823
mp-1206645,51.65682647599824,0.8385253233004657
mp-4541,0.0688048804302252,2.438544145041578
mp-765618,0.9862040088012026,2.0749372670391297
mp-10044,7.594601639458284,8.215486602532398
mp-1114419,8.207542573886645,0.46492635376585
mp-753533,16.502630079572388,1.8250121010373994
mp-1079483,4.913375250121575,1.878624580767268
mp-625207,1.9496901259831394,2.3175745390569475
mp-14983,18.196824075835792,8.909035574941857
mp-760375,2.7993612550112914,1.0374753981607008
mp-675821,26.079614375629195,3.3171669813280173
mp-542812,1.1025952152846408,8.432418621450841
mp-685043,2.1381658768657203,1.6135740263521008
mp-19260,0.28827467717158767,0.5644809658391916
mp-32684,10.316658608757129,0.017809450199445034
mp-19412,5.940821259516819,1.4145114010297826
mp-552604,8.276626950363779,3.583453927693179
mp-23025,14.871772620352402,0.277450448797589
mp-30161,5.752188513702056,1.1504584580127537
mp-504885,0.32418923495038005,1.863838443802801
mp-505245,5.875709959615499,2.282865826796151
mp-1029627,4.8740459691061355,5.232720302465197
mp-14794,2.114828275913194,3.748504718123764
mp-1211247,7.372759658432494,0.6718538797175394
mp-778819,16.020735081022327,1.754691294464048
mp-568177,6.149666087700722,9.705433179429798
mp-19267,9.919950595313068,2.653463480894249
mp-28557,17.21231732164112,2.5934104188422995
mp-541937,3.4449962358795445,3.974766013797533
mp-1191203,8.13196299499922,6.530322357775276
mp-505153,1.6476358423362654,0.45763619731264554
mp-7709,5.846821315108078,1.715243472022981
mp-17827,9.574695200834343,0.49140575480864973
mp-557832,3.613741759578745,5.368925545093421
mp-1018737,8.291154169250245,1.205232219141794
mp-2908,4.14839556201411,2.32266937742829
mp-22253,5.3546842335813585,15.751705226856185
mp-4651,3.92029392710692,4.615441376118282
mp-6442,0.796733522082691,1.4157436260725695
mp-19234,13.383692339627418,0.2994134073990596
mp-9820,0.13241488822974268,1.2772492412991394
mp-3161,9.693755580693075,14.697419718065136
mp-17709,1.3295889566140575,2.353409438462279
mp-540789,2.507046919180677,3.862015036087093
mp-567677,4.690437016451135,3.6574596543175324
mp-571453,3.01292650411359,0.3021945391507715
mp-1079645,4.1775162707174935,1.193864038405118
mp-754710,7.076373521400246,0.8642862038218722
mp-696656,3.439643370739097,0.5848152030154519
mp-4770,2.074130904228493,0.5431243937617359
mp-29396,15.400012293563334,5.439163051103425
mp-16793,6.025481480384585,0.9545087263024364
mp-867168,42.01612100492864,1.2972137304801457
mp-17701,9.559717469263186,1.515539293835349
mp-29060,11.83156614184007,0.5822117961661739
mp-14398,8.077278149111347,1.1378548852942612
mp-779443,7.008105511995861,3.20442225481245
mp-553025,2.90288471954997,1.469482089141572
mp-1543041,4.7980507694029795,1.41381831603232
mp-5710,29.23702600801067,0.6741170015009758
mp-510760,1.4116168815732246,3.6855435031622474
mp-557163,11.894673247187683,1.2099971264393592
mp-545469,0.188461895808433,2.1164547795637603
mp-1205381,5.10953094567194,3.11653697962023
mp-753816,1.7660633638094383,2.064652721388883
mp-778152,8.571711001948326,3.3768439483214814
mp-753030,4.22470613853551,0.972139849200494
mp-4531,3.318474243580155,0.9623977201445654
mp-20210,2.196571964091095,3.992029234684082
mp-38322,4.707569579896272,2.818435149494659
mp-9003,4.1692861047307,4.543485308080511
mp-23427,45.84632073293691,6.040038956992102
mp-15514,3.0467007356751523,4.417091990767157
mp-28670,9.648369441969743,4.889693715978748
mp-752973,2.0443739417695372,2.459758172120323
mp-613910,1.3558263792219103,1.9084208913447196
mp-3759,2.267141336537127,3.206668076371364
mp-558042,2.873203570644491,7.223254694199123
mp-557912,3.8418811112386315,1.3438599358524357
mp-643101,2.859588091186985,1.5570627500926097
mp-5853,1.7789973853327725,3.228579147992506
mp-27831,7.1927508182608415,1.0661789050555728
mp-752498,3.2079523640241256,0.045695999895477166
mp-1219132,4.269244848700739,0.5856498810385515
mp-644672,3.5920177580887795,2.2091250211266615
mp-7913,0.07964497444017887,1.2926522630433337
mp-23074,1.7361642817191776,2.721175814667919
mp-23290,2.0468290708909245,3.083159368557005
mp-1192829,3.990526687171809,0.8874971338686295
mp-675682,7.689756035077651,2.9794943741072224
mp-764642,4.124257826203539,1.766257259338257
mp-19363,5.479612746948899,3.008294834345054
mp-17875,5.228106896701951,0.12992205319171968
mp-29072,11.111467602840715,14.122036003660071
mp-754974,6.908091983806699,1.6926634015042332
mp-15572,9.900326080122754,0.3870223725856736
mp-3810,4.986079325865248,2.3396865370012914
mp-1219557,0.11206976335920717,5.544175482534011
mp-1029408,7.515598482783554,5.482728572142426
mp-22313,6.1904371062680505,3.8794944751671605
mp-16742,1.9161447470298916,2.615130074721627
mp-984055,3.939634653491232,2.6721635882994543
mp-1226307,0.3576730967637475,0.5290832095986902
mp-560151,3.3332954767810716,1.4212320562618581
mp-34486,24.87785981502881,2.710514058215372
mp-9392,8.381284533788358,1.7080457562725713
mp-556911,5.550249723855536,2.2489977168461617
mp-16183,7.721327337978078,6.8440010568251095
mp-755293,12.651079320655496,2.11457917316816
mp-8989,5.475461437505549,1.5958290435132643
mvc-7761,6.979316150547802,2.5926739571101067
mp-29775,5.27205142074741,4.947939841034054
mp-1227993,8.55443508204053,0.5533235213539233
mp-761686,5.702485162128958,1.2249993953081713
mp-754658,3.0709945364262348,3.9430879914805295
mp-7984,0.883414088843857,0.07630210300975637
mp-18498,15.05471610337175,0.858459923729545
mp-542605,3.6741961747466814,2.7506113072411864
mp-9588,11.278827205696869,1.102376359202081
mp-22876,0.33457853854827974,2.337581711987534
mp-22968,2.8713228690186163,0.7071065224210064
mp-772659,32.65327625078675,2.1131214470101476
mp-1096933,5.677507732122023,2.214971844225689
mp-27934,1.9483966596950848,1.2851301691507406
mp-26940,8.461263464985983,3.2574755015577126
mp-697020,1.351247604534082,1.4184083417100233
mp-695850,0.8164734971525562,1.6009388823154058
mp-31053,1.4407852666957581,0.3806383451493102
mp-34169,9.632728685039783,6.048279775403885
mp-37091,7.174514324723929,3.419339807792049
mp-570084,7.504349744138918,3.56910691887698
mp-34293,14.654784331409552,3.8963770597809475
mp-752975,9.682872862995882,3.9173566050192874
mp-8962,48.05493620463814,0.3560480894308204
mp-20782,8.295987185518644,6.155728027475672
mp-361,5.577748593511797,8.106385770545526
