,task_id,formula,formation_energy_per_atom,e_above_hull,band_gap,has_bandstructure
297,mp-570140,AuBr,-0.1251806862499997,0.0115790287499999,1.9716,True
573,mp-1206190,ZnI6,0.3879445721428571,0.6524703799107141,0.1075999999999997,False
579,mp-1208424,TeBr4,-0.3900600539999999,0.0,2.5202,False
738,mp-570480,TcBr4,-0.4044036197499999,0.0,0.6025,True
880,mp-1064459,PBr,1.0677891314285717,1.3278823572023808,0.0,False
1318,mp-22906,CsBr,-1.7494787331034485,0.040376175,4.2433,True
1375,mp-567246,PbI2,-0.6747878638095243,0.0005677995238095,2.4098,False
1381,mp-569814,TiBr4,-1.2357978355833332,0.0,2.7939,True
1385,mp-571102,TlI,-0.6814063150000003,0.0,2.2086,True
1386,mp-571616,CdI2,-0.5918998663333334,0.0002371322222221,2.4567,True
1837,mp-568301,BiBr3,-0.7729692574999998,0.002055485,2.835,True
1849,mp-570314,CdI2,-0.5914745872222221,0.0006624113333333,2.3776,True
1850,mp-570437,CdI2,-0.5909344116666664,0.0012025868888891,2.3718000000000004,True
1852,mp-570589,SeBr,-0.0879944042968747,0.007620162792969,1.4863,True
1871,mp-635441,SiI4,-0.37838789875,0.0,2.8561,True
1885,mp-685174,In2Br3,-0.7551613385833335,0.0003971226250003,2.3003,False
2104,mp-1196526,Nb6I11,-0.4530696061764709,0.013576613676471,0.1004999999999998,False
2348,mp-680152,CdI2,-0.5906093612222223,0.0015276373333332,2.3691000000000004,True
2474,mp-862565,ScBr2,-1.4463354233333334,0.0408465188888884,0.0,False
2672,mp-1207486,ZrBr4,-1.3701109790000003,0.0,3.7882,False
2789,mp-23312,MoBr3,-0.5777209818750002,0.0,0.7129,True
2795,mp-28099,SBr,-0.3778401407812497,0.0,2.2298,True
2841,mp-569468,CdI2,-0.5920198093750001,0.0001171891805555,2.4319,True
2844,mp-571583,CdI2,-0.5910905326666664,0.0010464658888891,2.377,True
2949,mp-864733,MoI3,0.0278615487500002,0.3172477929166666,0.0,False
2952,mp-865521,LuI3,-1.3105288287499994,0.0,2.1804,True
2976,mp-979293,Sm3I,-0.0901088068749995,0.3762286091666666,0.0,False
3359,mp-568233,CdI2,-0.5905983500000002,0.0015386485555555,2.366,True
3505,mp-1025426,CeI3,-1.3760572299999998,0.0,0.0232999999999998,False
3828,mp-27161,ZnI2,-0.6172268847916665,0.0,2.9076000000000004,True
3905,mp-697025,HI,-0.0636921949349997,0.0,4.0624,True
4231,mp-23273,TeI,-0.0709852531250003,0.0134266131249995,0.7942999999999998,True
4232,mp-23305,EuI2,-1.611457495833334,0.0128288008333328,1.3096,True
4349,mp-569346,CuI,-0.1473799150000001,0.0088151074999998,1.2172,True
4605,mp-1197907,W2Br5,-0.4759031317857146,0.0151006567261902,0.8505,False
4725,mp-23294,RuBr3,-0.3252909956250005,0.0,0.0,False
4785,mp-568949,TlBr,-0.86297025,0.0225872549999999,2.1998,True
4786,mp-570165,CdI2,-0.5915069216666666,0.0006300768888889,2.3906,True
4981,mp-973936,NiI,0.1342893524999997,0.2097278674999998,0.0,True
5140,mp-1183714,Co3I,0.7445411800000006,0.7445411800000006,0.0,False
5141,mp-1183731,Ce3I,-0.1566597362499999,0.3020260070833336,0.0,False
5316,mp-33218,CuI4,0.1302783399999999,0.1927563489999997,0.0,True
5898,mp-684985,Zr5I18,-0.9073777795652176,0.0344707026086954,0.0,False
6019,mp-1067833,SnI3,-0.2562591437499999,0.1636510398437498,0.0,False
6100,mp-1187584,TmBr,-0.9601714649999996,0.2637539349999995,0.0,False
6739,mp-23282,ZrI3,-0.9662974049999996,0.0021397525000006,0.0,True
6751,mp-27979,LaI3,-1.552454176875,0.0,2.0652,True
6868,mp-570964,ZnI2,-0.4775196416666665,0.1397072431249999,1.8236,True
6871,mp-571514,CdI2,-0.5910967666666668,0.0010402318888889,2.3772,True
6872,mp-573608,CdI2,-0.5844042275,0.0077327710555556,2.3837,True
6978,mp-865473,VBr3,-0.7810913724999997,0.0,0.0,True
7309,mp-569766,TeI,-0.0844118662499999,0.0,0.7223999999999999,True
7330,mp-680046,CdI2,-0.5906944952380955,0.0014425033174603,2.3536,True
7639,mp-1195045,WI4,-0.0888475187499996,0.0360323132499984,1.0913000000000002,False
7784,mp-30140,BeI2,-0.578364924166667,0.0039423758333327,4.1401,True
7837,mp-571668,CdI2,-0.5913979024999997,0.0007390960555557,2.3944,True
7860,mp-680114,CdI2,-0.5903925668181818,0.0017444317373738,2.3553,True
7983,mp-980667,SrBr3,-1.2955514274999995,0.3215682068750003,0.0,True
8101,mp-1183119,Ac3Br,-0.1234526900000001,0.5759164680555555,0.0,False
8120,mp-1186273,Nd3I,-0.1273068081250001,0.3643946190624998,0.0,False
8305,mp-23244,UI3,-0.8409829362499996,0.0,0.0953999999999997,False
8328,mp-32750,CuI,-0.1487750700000001,0.0074199524999998,1.1641000000000004,True
8364,mp-573815,ReI3,-0.0668489177083326,0.0,0.9475999999999998,True
8395,mp-680113,CdI2,-0.5904860310606059,0.0016509674949494,2.3441,True
8803,mp-23251,KBr,-1.7656718739999997,0.0,4.3102,True
8817,mp-27697,ThI4,-1.2401904185,0.0,1.8297,True
8913,mp-754815,YBr3,-1.9208995262500004,0.0,3.9934,True
9284,mp-23281,SbI3,-0.362484195,0.0,2.1496000000000004,True
9297,mp-27975,NdBr3,-1.916335661875,0.0,2.9222,True
9373,mp-570891,KBr,-1.6926041339999998,0.0730677399999999,3.8776,True
9374,mp-571136,CdI2,-0.5913446607142858,0.0007923378412699,2.382,True
9385,mp-627401,CdI2,-0.583683233,0.0084537655555554,2.3587,True
9788,mp-570188,ZrI3,-0.9684371575000004,0.0,0.1305,False
10346,mp-568002,HfI3,-0.8850626925,0.0,0.0,True
10350,mp-570448,CdI2,-0.5917053301282049,0.0004316684273506,2.4105,True
10809,mp-28268,PtI3,-0.1494451168749995,0.0027504103124997,0.3704999999999998,True
10810,mp-28306,MnBr2,-0.8170801999999995,0.0,1.5991,True
10866,mp-580941,AgI,-0.2380392708333332,0.0464974675,1.3762,True
10878,mp-669334,CdI2,-0.5905237876666667,0.0016132108888888,2.3553,True
11041,mp-1102093,EuI2,-1.624286296666667,0.0,1.1898999999999995,False
11362,mp-570019,CdI2,-0.5910869933333333,0.0010500052222224,2.3725,True
11750,mp-22876,CsI3,-0.8333170796767242,0.0,1.8986,True
11752,mp-23205,MgI2,-1.0627223533333332,0.0,3.6163,True
11775,mp-27871,RhBr3,-0.4494346912499996,0.0,1.2475999999999998,True
12141,mp-1206305,ZnBr6,0.2834003678571429,0.6741073973214284,0.1196000000000001,False
12258,mp-29443,PI2,-0.0615302623809519,0.0,1.8951,True
12321,mp-569595,PbI2,-0.6745891483333336,0.000766515,2.4117,True
12359,mp-680144,CdI2,-0.5904780571052631,0.0016589414502925,2.3419,True
12505,mp-1018138,VI2,-0.4857101033333334,0.0,1.0135000000000003,True
12808,mp-570418,YbI2,-1.6692485666666668,0.0,4.0159,True
12809,mp-570884,TeI4,-0.1245583980000002,0.0,1.7639000000000002,True
12979,mp-982064,Tl3Br,-0.2836229987499998,0.1591557537499999,0.0,False
13304,mp-23219,CuBr2,-0.3119106866666665,0.0,0.0,True
13313,mp-27153,UBr4,-1.325737968,0.0,0.0,True
13387,mp-680119,CdI2,-0.5905842483333336,0.0015527502222221,2.3526,True
13584,mp-1186700,Pr3Br,-0.130063845,0.5188011082499999,0.0,False
13671,mp-1214175,Bi7I2,-0.1147845305555554,0.0283318609259262,0.0,False
13829,mp-29263,UBr5,-1.2464975016666664,0.0,0.241,False
13832,mp-30985,Tb6Br7,-1.297847038461538,0.0380881170512825,0.0,True
13871,mp-569850,CeBr3,-1.8432612325,0.0,0.0893000000000001,True
14282,mp-29671,TmI2,-1.1441994499999997,0.0466977022222221,0.0,True
14582,mp-1186813,Pu3Br,0.1011354298437492,0.6306869338281267,0.0,False
14744,mp-541637,Er4I5,-0.9312642611111108,0.0659924101851854,0.0,True
14793,mp-569960,ZnBr2,-0.8251783983333333,0.0864713370833336,3.2848,False
14796,mp-570229,ThBr4,-1.7504865040000002,0.0,2.82,True
14800,mp-570610,CdI2,-0.5921055601282049,3.143842735053859e-05,2.4284,True
15064,mp-1101136,TeI4,0.0440799336666666,0.1686383316666666,0.0,False
15276,mp-27474,PaBr4,-1.4411364150000003,0.0,0.0421999999999997,True
15279,mp-27638,NiI2,-0.1005846866666668,0.0,0.0,True
15328,mp-567273,HfI4,-0.8868423714999999,0.0300089814999999,3.2852,True
15331,mp-570044,NbI4,-0.4642969975,0.0,0.4775999999999998,True
15443,mp-862851,PaI3,-0.8684611625,0.0,0.0,False
15687,mp-1189196,BiI3,-0.4566060456250001,0.0264117756250001,2.7184,False
15838,mp-29312,InI2,-0.5155549611111114,0.0,1.7858,True
15907,mp-680145,CdI2,-0.5904122523333333,0.0017247462222222,2.3355,True
16364,mp-568108,InBr2,-0.8030505636111109,0.0,2.4144,True
16375,mp-614603,CsI,-1.548446883103448,0.0,3.8572,True
16475,mp-864915,HfBr3,-1.2402905824999992,0.0668914037500005,0.0,True
16479,mp-867500,PuI2,-0.979735882291666,0.0,0.2420999999999997,False
16589,mp-1184720,HgBr3,-0.0760345062499998,0.2820147500000001,0.0,False
16794,mp-27771,Nb3Br8,-0.9296613895454544,0.0,0.0306999999999999,True
16876,mp-571558,HgBr2,-0.4363408522222222,0.0410581561111111,1.682,True
16976,mp-864617,NdI3,-1.410011634375,0.0,2.0136000000000003,True
17242,mp-28149,Bi9I2,-0.0790313340909085,0.0380638953030305,0.0,True
17247,mp-29555,MoBr2,-0.6874808227777776,0.0,2.1220000000000003,True
17324,mp-570082,CdI2,-0.5911424850000001,0.0009945135555555,2.3784,True
17731,mp-23238,Ta3I7,-0.4785595609999994,0.0,0.8864000000000001,True
17732,mp-23292,HgBr2,-0.4773990083333333,0.0,2.5374,True
17792,mp-567269,TeI4,-0.1219411400000002,0.0026172580000001,1.8301,True
17805,mp-618813,Gd2Br3,-1.525650539,0.0101220620000006,0.2529000000000003,False
17808,mp-627557,CdI2,-0.5905598646296297,0.0015771339259258,2.3697,True
17825,mp-680077,Ta2Br5,-0.914545866845238,0.0,0.0,False
18480,mp-862982,Ag2Br3,-0.2784813416666665,0.019987741,0.0,False
18809,mp-22913,CuBr,-0.2540413499999996,0.0,0.4859,True
18829,mp-30025,DyBr2,-1.4564273629166664,0.1954621737499993,0.0,True
18836,mp-31007,Tb5Br8,-1.5067987400000002,0.0199842948717945,0.0,True
19309,mp-22882,YbBr2,-2.10928868,0.0003973450000005,4.4989,True
19380,mp-567534,CdI2,-0.5910288475,0.0011081510555557,2.365,True
19860,mp-571197,CdI2,-0.5911380226190478,0.0009989759365078,2.3934,True
19982,mp-863695,PmI3,-1.408307368125,0.0,2.0675,False
20027,mp-1080428,NbBr4,-0.901699936,0.0,0.8548,False
20116,mp-1198690,MoI2,-0.3858483255555553,0.0,1.6573999999999995,False
20236,mp-27734,CrBr3,-0.8087746204166665,0.0,1.2692,False
20650,mp-1186215,Nb3I,0.5920896450000006,0.7723847753977281,0.0,False
21046,mp-1103073,Sb2Br9,-0.36151119,0.0840533395454543,0.0,False
21324,mp-27641,CsBr3,-0.982874444051724,0.0,2.1972,True
21854,mp-570613,CdI2,-0.5909992294444442,0.0011377691111114,2.355,False
22227,mp-22895,CuI,-0.1545634749999997,0.0016315475000001,1.1363000000000003,True
22230,mp-23255,UBr3,-1.2747232087499991,0.0,0.0,True
22262,mp-28753,NdI2,-1.3112038058333333,0.0,0.0,True
22374,mp-624400,CdI2,-0.5904267186666665,0.001710279888889,2.347,True
22386,mp-647489,CdI2,-0.5904724064285715,0.0016645921269842,2.3676,True
22409,mp-680093,CdI2,-0.5904493577272727,0.0016876408282828,2.351,True
22410,mp-680115,CdI2,-0.590684775714286,0.0014522228412696,2.3587,True
22411,mp-680266,Sm5Br11,-1.56950593890625,0.1736763896874995,0.0,False
22597,mp-1184038,Cs3I,-0.6323280871551724,0.1418953543965515,0.0,False
23051,mp-1060967,AgBr,-0.1505265583333335,0.222559795,0.1323,False
23125,mp-1183348,Au3Br,0.2998438774999998,0.368223735,0.0,False
23368,mp-684029,CdI2,-0.5906915695238096,0.001445429031746,2.3629,True
23539,mp-1079786,BiI3,-0.3965840025,0.0864338187500002,2.2241,False
23705,mp-1205299,TcBr3,-0.3767196825000001,0.0137725037500002,0.0,False
24583,mp-1184708,GeBr2,-0.5442538683333329,0.0318805862500002,1.5371,False
24774,mp-27182,GdBr3,-1.91971575125,0.0,2.1414,False
24873,mp-570005,SbBr3,-0.6126512281250003,0.0,3.1147,True
25225,mp-27215,CrI2,-0.3030863299999999,0.0811287944444449,0.0152999999999998,False
25229,mp-28077,PbBr2,-0.915366885,0.0199700516666663,3.1232,False
25242,mp-504594,ZrBr,-1.0081766175000002,0.0,0.0,True
25296,mp-569224,SbI3,-0.315137499375,0.0473466956249999,2.1951,True
25298,mp-569843,MnBr2,-0.8167750066666658,0.0003051933333333,1.5292,True
25535,mp-1065846,ZrBr,-1.0079759225,0.0002006950000001,0.0,False
25618,mp-1183756,Co3I,0.6538651400000006,0.6538651400000006,0.0,False
25761,mp-23216,SnBr4,-0.6942966944999999,0.0,2.7003,True
26112,mp-1183765,CrBr2,-0.6414739049999998,0.0774368687037032,0.3125,False
26370,mp-568722,CdBr2,-0.8887103633333334,0.0016296483333331,2.8549,True
26573,mp-1183096,Ac3I,-0.1384393049999999,0.3676472022222224,0.0,False
26827,mp-27974,PuBr3,-1.53862641671875,0.0,0.0,True
26874,mp-568692,In4Br7,-0.7657822430303031,0.0156810013068184,2.2528,True
26878,mp-569964,CdI2,-0.5910825283333333,0.0010544702222223,2.3909,True
26879,mp-570136,CuI,-0.1561950224999992,0.0,1.6308000000000002,True
26880,mp-570695,CdI2,-0.591064301111111,0.0010726974444446,2.3682,True
27269,mp-22925,AgI,-0.2845367383333333,0.0,1.3678,True
27362,mp-567359,CdI2,-0.5909343570000001,0.0012026415555554,2.3726000000000003,True
27375,mp-583213,HgI2,-0.3157233460416666,0.0,1.4602000000000002,True
27717,mp-22899,LiI,-1.1993118049999998,0.0363957049999998,4.2337,True
27805,mp-570219,InBr3,-0.8454596970833335,0.0,2.4965,True
27818,mp-610430,BiBr3,-0.7131495299999999,0.0618752124999999,2.518,True
27837,mp-647579,ZnBr2,-0.9116497354166668,0.0,3.2203,False
28075,mp-1182980,AgI,0.5380801566666669,0.8226168950000001,1.8697,False
28120,mp-1212517,HfBr4,-1.3943274520000002,0.0,4.2902000000000005,False
28222,mp-23189,BI3,-0.0639093166666668,0.0,2.6818,True
28290,mp-580202,PbI2,-0.6741691386666668,0.0011865246666666,2.3956,False
29313,mp-27456,BaBr2,-2.227832289583333,0.0,4.3731,True
29370,mp-571567,CdI2,-0.5913937316666669,0.0007432668888887,2.4658,True
29524,mp-1078239,WBr4,-0.4751675399999996,0.0091619908333333,0.2091999999999998,False
30087,mp-1184741,HoBr2,-1.5045882633333332,0.136719577777777,0.0,False
30088,mp-1185135,KBr3,-0.6314174682499998,0.2514184687500003,0.0,False
30097,mp-1188728,CdI2,-0.5904332494444442,0.0017037491111111,2.3742,False
30354,mp-571613,CdI2,-0.5916918313888888,0.0004451671666665,2.3903,True
30355,mp-571660,CdI2,-0.5920460624999997,9.093605555565708e-05,2.4136,True
30489,mp-978798,Sm3I,-0.0984827443749996,0.3678546716666666,0.0,True
30541,mp-1096937,CuI,0.0814620600000002,0.2376570825000001,0.0,False
30744,mp-23306,CuI,0.0975908924999999,0.2537859149999999,0.0,True
30804,mp-571258,Er6I7,-0.9050449569230772,0.0615268937179487,0.0,True
31349,mp-570263,CdI2,-0.5918976950000001,0.0002393035555554,2.3962,False
31455,mp-865493,VI3,-0.3792088200000001,0.0,0.0,True
31615,mp-1187158,SrBr2,-2.140758096666666,0.0154014158333333,4.3834,False
31870,mp-570410,CdI2,-0.591301685,0.0008353135555554,2.379,True
32009,mp-1025442,IrI3,-0.1469170974999998,0.0,1.2786999999999995,False
32088,mp-1188037,Zr3Br,0.2085779912499994,0.7126662999999995,0.0,False
32128,mp-1206823,PrI6,-0.0978690264285714,0.7086630300000003,0.1271000000000004,False
32299,mp-23232,FeBr3,-0.3501341299999998,0.0,0.0,False
32554,mp-1147530,CuBr2,-0.0958653766666666,0.2160453099999997,0.0,False
32859,mp-570671,CdI2,-0.5916651694444445,0.0004718291111109,2.4004,True
33547,mp-1078836,KI,-1.4727476940000002,0.0207357749999999,3.7152,False
34310,mp-27922,GeI2,-0.3429071750000002,0.0,2.035,True
34355,mp-569157,BiI3,-0.4824038725,0.0006139487500003,2.475,True
34617,mp-1208104,TmBr2,-1.3779342045833332,0.2539663287499998,0.0,False
34652,mp-1213805,CrI3,-0.4322420149999999,0.0,1.0587,False
34824,mp-28241,ZrI2,-0.8156861894444442,0.079492003055555,0.0798000000000001,True
35022,mp-1071541,YbBr2,-2.109686025,0.0,4.3169,False
35268,mp-27257,PBr3,-0.3901398386607142,0.0,3.3255,True
35362,mp-570511,CdI2,-0.5910373369999999,0.0010996615555556,2.3845,True
35973,mp-862773,TeI2,-0.0366978583333335,0.0700176366666665,0.7143999999999999,False
36082,mp-1173456,NiBr2,0.1088939833333337,0.4716718833333338,0.5175000000000001,False
36265,mp-23194,LaI2,-1.425614109166667,0.0,0.0,False
36325,mp-571516,CdI2,-0.5915225664583333,0.0006144320972223,2.3606,False
36803,mp-23266,GeI4,-0.2871157114999999,0.0,1.996,True
36878,mp-582084,CdI2,-0.5918564668518519,0.0002805317037037,2.3919,True
36905,mp-680133,CdI2,-0.5906724746078433,0.0014645239477122,2.3558000000000003,True
37310,mp-22883,PbI2,-0.6753556633333334,0.0,2.4226,True
37312,mp-22894,AgI,-0.2842426158333331,0.0002941225000001,1.3958999999999997,True
37315,mp-23202,InI,-0.4684850841666668,0.0,1.3567999999999998,True
37379,mp-568284,SrI2,-1.7145078758333334,0.0,3.8014,True
37784,mp-28571,La2Br5,-1.9577267714285715,0.0,0.2976000000000001,False
37836,mp-540943,SeBr,-0.0914093717968747,0.0042051952929691,1.7386,True
37882,mp-612520,UI4,-0.7845077249999995,0.0502792799999998,0.0665,False
37898,mp-669340,CdI2,-0.5906823140476192,0.0014546845079366,2.3451,True
38096,mp-1187907,YbBr,-1.32041354,0.2618509787500001,0.0,False
38228,mp-32711,SrBr2,-2.1422362830000004,0.0139232295,4.299799999999999,True
38652,mp-1210365,Re3Br7,-0.2818062454999996,0.0,0.3533000000000001,False
38824,mp-571084,MnBr2,-0.8115379474999992,0.0055422524999997,1.5308000000000002,True
38846,mp-685100,Cu14I19,-0.0703145633333333,0.0622145466666665,0.0,False
38948,mp-865605,YBr3,-1.8596857875,0.0612137387500002,2.9452000000000003,True
39318,mp-22915,AgI,0.102681986666667,0.3872187250000003,0.0,True
39326,mp-27962,CI4,0.5334171962499997,0.5334171962500003,1.1002999999999998,True
39811,mp-28601,NbBr5,-0.8764778785416668,0.0,1.5583,True
39861,mp-571065,TiBr3,-1.2264060804166663,0.0018399074999999,0.0,False
40287,mp-22917,CuBr,-0.2518540474999997,0.0021873024999998,0.9949,True
40317,mp-28320,Pt3I8,-0.1611317238636357,0.0,0.8003999999999998,True
40582,mp-1184529,EuBr3,-1.2799316337499995,0.2832860425000003,0.0,False
41289,mp-567567,CdI2,-0.5913148609259259,0.0008221376296297,2.3734,True
41293,mp-569059,HfI4,-0.916851353,0.0,2.3223,True
41295,mp-569611,CdI2,-0.5915160904901959,0.0006209080653596,2.38,True
41457,mp-864657,HoI3,-1.3649403399999995,0.0,2.2173,True
41640,mp-1183444,CaBr,-1.2900613924999995,0.2494122912499996,0.0,False
41861,mp-567809,AgI,-0.2600564958333331,0.0244802425000001,1.596,True
41883,mp-673245,CuI,-0.1468123837499999,0.00938263875,1.1452,False
41893,mp-685011,Te8I3,0.1349936772727269,0.1836033877272731,0.0,False
42319,mp-27679,LaBr,-1.27551180875,0.0948969312499992,0.0,True
42382,mp-570089,CdI2,-0.5920225494444442,0.0001144491111113,2.4122000000000003,True
42395,mp-647343,PBr7,-0.2563837283928572,0.0,1.2227,True
42553,mp-1104734,TeBr6,-0.0970632364285715,0.1815510878571427,0.0040999999999999,False
42583,mp-1183572,CaI,-1.0042362275,0.2300613237500002,0.0,False
43593,mp-1187178,SrI2,-1.7022488450000004,0.0122590308333334,3.8104,False
43742,mp-27708,BiI,-0.2949415200000001,0.0270703608333335,0.9435000000000002,True
43743,mp-27709,Bi6Br7,-0.4944112950961535,0.0620167251602565,1.4109000000000005,True
43842,mp-685158,Cu16I19,-0.1277802194285714,0.0150266582857145,0.0,False
43978,mp-976867,Pm3I,-0.1139587931249996,0.3554769962500002,0.0,True
44109,mp-1184756,IrI,0.9491403925000004,1.0470851241666663,0.0,False
44326,mp-571246,GeBr4,-0.6375421314999999,0.0,2.9647,True
44672,mp-1187019,Se3Br,0.2829893885546877,0.3307966720996096,0.0,False
44795,mp-23225,BBr3,-0.5306924866666667,0.0,3.8285,True
45357,mp-541053,SiI2,-0.3063280504999999,0.0259705500555558,2.2973,True
45769,mp-28483,WBr6,-0.4798800257142857,0.0,1.0698,True
45885,mp-680760,In4Br7,-0.7722074516666666,0.009255792670455,2.2927,True
46750,mp-32684,HBr,-0.3061891668099998,0.0216794375,4.4860000000000015,True
47452,mp-862601,RhI2,-0.1072061516666664,0.1480060494444441,0.0,True
47582,mp-1183475,CaBr,-1.24708234,0.2923913437499994,0.0,False
47660,mp-1207060,TiI2,-0.6089752522222222,0.1067122087037031,0.0,False
47812,mp-27655,Te2I,-0.0594118683333334,0.0,0.6558000000000002,True
47856,mp-574663,CdI2,-0.5856110766666666,0.0065259218888891,2.4290000000000003,True
47990,mp-979116,Th3Br,0.0595574499999997,0.6065844825000006,0.0,False
48779,mp-27648,Te2Br,-0.1694953479166668,0.0,0.6704999999999997,True
48782,mp-27978,PuI3,-1.078602261718749,0.0,0.0,True
48786,mp-28384,GaBr2,-0.7805595141666668,0.0,3.1591,False
48787,mp-28572,LaBr2,-1.8246722175,0.0025394358333334,0.5882999999999998,True
48884,mp-570738,GaI2,-0.476039868611111,0.0,2.3838,True
48991,mp-984727,Ce3Br,-0.2153342824999996,0.4149850287500003,0.0,False
49022,mp-1059765,CoBr,0.6946968050000004,0.9119512200000006,0.0,False
49278,mp-567537,TaI4,-0.4575100259999999,0.0057925459687497,0.5465,True
49660,mp-1205810,EuBr3,-1.56321767625,0.0,0.0,False
49786,mp-30139,BeBr2,-1.051064305,0.0,5.1775,True
49835,mp-571569,CdI2,-0.5911026412962962,0.0010343572592592,2.3792,True
49853,mp-651332,SeBr4,-0.1529833073437498,0.0,2.2103,True
49968,mp-971787,VBr2,-0.8511131566666664,0.0,1.0943,True
50477,mp-972742,SmBr,-1.1497154662499995,0.1180535000000002,0.0,True
50815,mp-29412,Ta3Br7,-0.8987284444999993,0.0,1.2286,True
50865,mp-570935,LiI,-1.2357075099999997,0.0,4.3818,True
50882,mp-652621,In5Br7,-0.7355976721180557,0.0064738104166663,2.0735,False
51364,mp-567503,PbI2,-0.6752789183333334,7.674499999987816e-05,2.4493,True
51381,mp-571646,CdI2,-0.5912781447222221,0.0008588538333333,2.3721,True
51383,mp-573588,CdI2,-0.5847912050000001,0.0073457935555554,2.3761,True
51409,mp-680112,CdI2,-0.5904474125757575,0.001689585979798,2.3482,True
51622,mp-1203591,TcI4,-0.0884655697500001,0.0,0.1715999999999997,False
51723,mp-22888,CaBr2,-2.052631578333333,0.0,4.5304,True
51724,mp-23263,LaBr3,-2.030504219375,0.0,2.9251000000000005,True
51790,mp-568245,NbBr5,-0.8741782800000001,0.0022995985416667,1.5990000000000002,False
52823,mp-28301,OsBr4,-0.1168465265000002,0.0,0.0,False
52860,mp-567542,PbI2,-0.6735205458333334,0.0018351175000002,2.3844000000000003,True
53145,mp-1208561,ThBr2,-0.2644883100000002,1.1942504433333334,0.629,False
53321,mp-23173,HgI2,-0.2937704599999999,0.0219528860416666,2.3222,True
53371,mp-571122,FeI2,-0.1003814500000004,0.0,0.0,False
53372,mp-571279,ZrI2,-0.8949850566666674,0.0001931358333324,0.2751000000000001,True
53373,mp-571539,CdI2,-0.5911171908333334,0.0010198077222223,2.3766,True
53375,mp-582042,CdI2,-0.5921369985555556,0.0,2.4223,True
53386,mp-680111,CdI2,-0.5903879516666667,0.0017490468888889,2.3813,True
53576,mp-1183272,Ag3Br,0.0777632862500001,0.2643064629166667,0.0,False
53841,mp-568536,BaI2,-1.7936902766666665,0.0056653070833334,3.0499,True
53964,mp-865353,TmI3,-1.33975929625,0.0,2.2546,True
54258,mp-30282,La2I5,-1.51266859,0.0,0.1781000000000006,True
54345,mp-570722,NbI3,-0.4569307987499998,0.0403054854687496,0.0,True
54393,mp-680146,CdI2,-0.5905134516666666,0.0016235468888889,2.3508,True
54824,mp-680047,CdI2,-0.5907116978571432,0.0014253006984126,2.3548,True
55277,mp-22875,TlBr,-0.8403996949999999,0.04515781,2.0754,True
55278,mp-23160,ThBr4,-1.7423273949999998,0.0081591090000001,2.9284,True
55340,mp-571037,CdI2,-0.5910439635714287,0.0010930349841269,2.3741000000000003,True
55343,mp-581941,SmI2,-1.1310363212499996,0.112530121527778,0.0,True
55869,mp-570081,CuI,-0.1553900624999999,0.0008049599999999,1.6333999999999995,True
56289,mp-22898,KI,-1.493483469,0.0,3.8513,True
56291,mp-23317,AsBr3,-0.46816168875,0.0,3.1283,True
56303,mp-27976,SmBr3,-1.901653449375,0.0,2.9285,True
56357,mp-571578,CdI2,-0.5912121333333331,0.0009248652222224,2.3723,True
56500,mp-1007922,CuI,-0.0924266774999997,0.0637683450000001,0.9455999999999998,True
56648,mp-1214795,BiI5,-0.1818160424999998,0.1401958383333332,0.0464,False
56761,mp-23165,PtBr3,-0.2610280977083328,0.0,0.9388,True
56972,mp-861727,PuBr2,-1.4121373439583331,0.0,0.0,False
57300,mp-567624,CrBr2,-0.6474622866666664,0.0714484870370366,0.0,False
57340,mp-655360,UI4,-0.8347870049999997,0.0,0.2599999999999998,True
57601,mp-1183849,CeI3,-1.3399486187499998,0.0361086112499999,0.0533999999999998,False
57748,mp-23259,LiBr,-1.54784428,0.0254924700000001,4.9246,True
57968,mp-974332,S3Br,0.1272769844531249,0.3161970548437498,0.0,True
58333,mp-28248,CdI2,-0.5914005616666668,0.0007364368888889,2.3828,True
58513,mp-1066783,ZrBr,-0.940401285,0.0677753325000001,0.0,False
58537,mp-1104603,Ce2Br5,-1.8009123178571431,0.0,0.0,False
58693,mp-1214760,AuI2,0.0474576916666669,0.0980801700000002,0.0,False
58712,mp-1217312,TeI4,-0.024310028,0.1002483700000003,0.2827000000000002,False
58831,mp-33154,AgI2,-0.0529721988888889,0.13671896,0.0245999999999999,False
59077,mp-1186593,PmI,-0.9181754037499998,0.0206961750000003,0.4375999999999997,False
59310,mp-27725,AuI,-0.0759337174999998,0.0,2.0853,True
59375,mp-632229,HBr,-0.3278686043099999,0.0,4.681,True
59384,mp-672671,PbI2,-0.6701652088888888,0.0051904544444445,2.3308,True
59736,mp-23303,RbBr,-1.6923433701724138,0.0552075749999998,3.9267,True
59824,mp-568560,TlBr,-0.885557505,0.0,2.3494,True
59884,mp-680345,Tl2Br3,-0.7373925055625001,0.0114165761875,1.1457,False
60245,mp-22880,FeBr2,-0.4412777866666666,0.0,0.4403000000000001,True
60246,mp-23181,SrI2,-1.6998658212499995,0.0146420545833336,3.8416,True
60310,mp-571592,CdI2,-0.5916663187500001,0.0004706798055555,2.4008000000000003,True
60794,mp-28328,RbI3,-0.7818762188362067,0.0,1.8574,True
60863,mp-684193,Sm11Br24,-1.562430561714286,0.1762240205714285,0.0,False
61134,mp-1188012,Zr3I,0.1771943900000003,0.5128862121874995,0.0,False
61181,mp-1205355,MoBr3,-0.5686334112500004,0.0090875706249997,0.0,False
61477,mp-973976,LuBr,-0.9301568175,0.282132405833333,0.0,True
61559,mp-1106279,BiI3,-0.4629099475,0.0201078737500002,2.3447,False
61805,mp-22860,LaI,-1.0846766087500002,0.0,0.0,True
61865,mp-567178,PbI2,-0.6735647822222219,0.0017908811111113,2.3974,True
62321,mp-32554,Ta2I5,-0.0381419757142857,0.4382380154241074,0.0,True
62488,mp-974330,SBr3,0.2597485764843752,0.4486686468750001,0.0,True
62564,mp-1183107,Ac3I,-0.10167760125,0.4044089059722222,0.0,False
62789,mp-568616,Nb2Br5,-0.8396718021428567,0.0733884911607152,0.7090000000000001,False
62798,mp-571615,CdI2,-0.5914519536666667,0.0006850448888888,2.3882,True
63103,mp-1184423,Gd3I,-0.0912834375000013,0.0,0.0,False
63117,mp-1187734,V3Br,0.5917676449999991,0.9109350787500006,0.0,False
63268,mp-28329,TlI3,-0.3430225337500001,0.0,1.6871,True
63325,mp-570472,CdI2,-0.5910063676666667,0.0011306308888887,2.3648,True
63475,mp-975142,RhI,0.3612536025000006,0.5526627533333333,0.0,True
63486,mp-984614,Au3Br,0.3495726599999997,0.4179525174999998,0.0,False
63872,mp-571225,CdI2,-0.5920253888095239,0.0001116097460318,2.4218,True
63873,mp-571603,CdI2,-0.5917094941666667,0.0004275043888888,2.3923,True
64134,mp-1204035,W15I47,-0.1425727995161291,0.0084915133870966,0.0,False
64319,mp-30033,CoBr2,-0.289672553333333,0.0,0.0632999999999999,True
64360,mp-571292,ZnI2,0.4736878816666669,1.0909147664583334,0.0,False
64796,mp-27652,ThI2,-1.0677725266666669,0.0096847599999998,0.0,True
65295,mp-567199,PbI2,-0.6743713793333337,0.0009842839999998,2.4022,True
65302,mp-569610,CoI2,0.025231263333333,0.0252312633333335,0.0,True
65357,mp-655086,Nb2Br5,-0.6854676164285719,0.2275926768750001,0.0,True
65388,mp-752602,BiBr3,-0.7750247424999999,0.0,2.8565,True
65475,mp-866291,AgBr,-0.3730863533333335,0.0,1.1709,True
66350,mp-567296,CdI2,-0.5907651238888888,0.0013718746666666,2.3383,True
66373,mp-669357,CdI2,-0.5904219459090907,0.0017150526464646,2.3545,True
66562,mp-1181742,CrI2,-0.2885197666666664,0.0956953577777781,0.0,False
66875,mp-571667,CdI2,-0.5918685655128203,0.0002684330427351,2.4181,True
66980,mp-971768,Ti3Br,0.3001048987499989,0.7140062005729159,0.0,True
66990,mp-980194,TiI,0.1085641791666658,0.6453297748611098,0.0,True
67100,mp-1190190,YbBr2,-2.0857143191666663,0.0239717058333339,4.3689,False
67332,mp-540904,ThI3,-1.2121394475000002,0.0,0.0,True
67358,mp-567259,CdI2,-0.590410505,0.0017264935555556,2.3991,True
67634,mp-1203179,PbI2,-0.6702177733333331,0.0051378900000003,2.2953,False
67762,mp-29109,SiI3,-0.3738359256249999,0.0,2.8504,True
67784,mp-39008,AlBr4,-0.7588516780000002,0.1386048715000001,0.0,True
67859,mp-569722,CdI2,-0.5853507953921567,0.0067862031633987,2.4077,True
67867,mp-571605,CdI2,-0.5912072033333333,0.0009297952222222,2.3857,True
67892,mp-669360,CdI2,-0.5906678908333333,0.0014691077222221,2.3549,True
67898,mp-680148,CdI2,-0.5903872554999999,0.0017497430555555,2.3384,True
67971,mp-864982,DyBr3,-1.85837572875,0.0,3.0028,True
68275,mp-570354,CuBr,-0.0754162749999998,0.1786250749999998,0.2080000000000001,True
68297,mp-669326,CdI2,-0.5905787401851852,0.0015582583703703,2.3784,True
68481,mp-973601,HgI3,0.009130255,0.2459227645312498,0.0,True
68552,mp-1078801,CsI,-1.545096621853448,0.00335026125,3.8345,False
68838,mp-570886,BeI2,-0.5823072999999998,0.0,4.077999999999999,True
68841,mp-571538,CdI2,-0.5910573266666667,0.0010796718888888,2.3663,True
68842,mp-571568,CdI2,-0.5910516474999999,0.0010853510555557,2.3722000000000003,True
68932,mp-861871,SeI2,0.065424838802083,0.0654248388020835,0.8854,True
69590,mp-1186821,Pu3I,0.1144679173437488,0.481868873203128,0.0,False
70276,mp-23247,ZrBr3,-1.40586125875,0.0,0.0627999999999999,True
70294,mp-27972,AcBr3,-2.0981074741666665,0.0,4.1045,True
70568,mp-1186259,Nd3Br,-0.1275919781250003,0.5111865758333325,0.0,False
71231,mp-27398,TlBr2,-0.6576434662499997,0.0,1.7925,True
71280,mp-569578,NbI5,-0.4318721016666665,0.0,0.9145,False
71283,mp-571436,SnI4,-0.356103967,0.01934307375,1.5624,True
71308,mp-680092,CdI2,-0.5904208870000001,0.0017161115555555,2.3471,True
72295,mp-23218,AsI3,-0.2019357737500002,0.0,2.2308000000000003,True
72303,mp-28013,MnI2,-0.45523857,0.0,1.1719,True
72671,mp-1213016,CuI2,0.0966098266666669,0.200739841666667,0.0,False
72839,mp-23169,Pr2Br5,-1.8538998664285715,0.0,0.2826,True
72847,mp-29862,SnBr2,-0.7820076066666667,0.0,2.5037000000000003,True
72894,mp-624418,CdI2,-0.5904666116666665,0.0016703868888889,2.3456,True
72982,mp-950217,BiI4,-0.2629912640000001,0.1234229930000001,0.4676999999999999,True
73211,mp-22859,HgI,-0.2580796150000001,0.0,1.6637000000000002,True
73227,mp-27639,IBr,-0.0865501024999999,0.0,1.4045,True
73333,mp-570054,CdI2,-0.5910510387500002,0.0010859598055554,2.3693,True
73334,mp-570127,CdI2,-0.59110126375,0.0010357348055556,2.3565,True
73338,mp-571519,CdI2,-0.5910967930952382,0.0010402054603175,2.3835,True
73480,mp-864986,DyBr2,-1.5264513233333332,0.1254382133333331,0.0,True
73746,mp-27765,W3Br8,-0.4273014179545449,0.0626911193939392,0.0,False
73791,mp-569994,CdI2,-0.5909792958333334,0.0011577027222222,2.3743000000000003,True
73811,mp-675332,InI4,-0.2341476006666665,0.1661510565000001,0.0,True
74468,mp-974457,Ru3I,0.8797655624999994,0.8797655625000003,0.0,True
74475,mp-978679,SmI,-0.8839598462499998,0.0487149858333335,0.0,False
74862,mp-571607,CdI2,-0.5910934577777778,0.0010435407777777,2.3709,True
75548,mp-1147667,CuI2,0.0964950133333335,0.2006250283333335,0.0,False
75723,mp-23227,CuBr,-0.2126147849999996,0.041426565,0.4302000000000001,True
75759,mp-30953,GaBr3,-0.8396886975000002,0.0,3.3474000000000004,True
75761,mp-31487,NbI5,-0.4140031016666666,0.0178690000000001,0.5982999999999998,True
75869,mp-634105,HBr,-0.0243420793099997,0.3035265250000001,2.3158000000000003,True
75889,mp-680095,CdI2,-0.5903916938333331,0.0017453047222224,2.3417,True
75890,mp-680178,In5Br7,-0.7367403180555557,0.0053311644791667,2.0373,False
75895,mp-685088,Sc12I25,-1.1408855871621622,0.0,0.0,False
76244,mp-28214,TiBr3,-1.2282459879166665,0.0,0.0151999999999998,True
76270,mp-541112,ZrI4,-0.9038372924999998,0.0238305628333335,2.0534,True
76293,mp-567519,NpBr3,-1.3582645421875004,0.0,0.0,False
76490,mp-978985,SnBr2,-0.7775635383333336,0.0044440683333331,1.7809,False
76662,mp-1207889,WI2,-0.2081330533333335,0.0,1.9586,False
76835,mp-568753,TcBr3,-0.3904921862500004,0.0,0.1308,True
76845,mp-583234,Bi4I,-0.0870788644999997,0.0417258878333339,0.0,True
76862,mp-680196,CdI2,-0.5903604376436782,0.0017765609118773,2.3569,False
77133,mp-1183339,BaBr3,-1.43971036125,0.2311638559375,0.0,False
77476,mp-866214,LuBr3,-1.818433835,0.0,3.0668,True
77587,mp-1184879,IBr2,0.0531642316666669,0.1108643,0.0,False
77858,mp-571595,CdI2,-0.5915216456666665,0.000615352888889,2.3941,True
77980,mp-978846,SnI2,-0.4887889583333329,0.0052264633333334,1.2275999999999998,True
78095,mp-1186445,Pd3I,0.1588690874999994,0.2530669918750004,0.0,False
78285,mp-23166,NpBr3,-1.3354108984375,0.0228536437500004,0.0079000000000002,True
78583,mp-1186908,RhBr,0.4485384150000007,0.7481615425000001,0.1061999999999994,False
78586,mp-1187794,UBr,-0.3133766874999999,0.5364387849999996,0.0,False
78717,mp-23260,BaI2,-1.79935558375,0.0,3.4431000000000003,True
78721,mp-23903,HBr,0.8053855006900004,1.1332541050000002,0.0,True
78827,mp-582619,CdI2,-0.4730812644444444,0.1190557341111111,0.0,False
79476,mp-975411,RbBr3,-0.614053872586207,0.2597215999999998,0.0,True
79819,mp-22903,RbI,-1.4908304651724138,0.0,3.777,True
79981,mp-972874,SeBr3,0.2741786378515623,0.417600488486328,0.0,True
80062,mp-1182499,B5I,0.6390723515277775,0.6532744218981481,0.1163000000000002,False
80313,mp-22849,BiI3,-0.4830178212500002,0.0,2.5272,True
80332,mp-29554,WBr5,-0.4726474391666666,0.0090865470138892,0.0,True
80373,mp-570799,EuI2,-1.6069009879166671,0.0173853087499997,1.4550999999999998,False
80769,mp-27399,SbBr3,-0.6125758750000001,7.53531250001771e-05,3.369,True
80856,mp-567744,SrBr2,-2.1561595125,0.0,4.4697000000000005,True
80861,mp-568846,TaBr5,-0.948827730625,0.0004437740972225,2.0283,True
80863,mp-569666,CdI2,-0.5920286999019609,0.0001082986535947,2.4072,True
81229,mp-27634,TiBr4,-1.2351778478333335,0.0006199877499994,2.7818,True
81303,mp-567677,GeI2,-0.2259801683333335,0.1169270066666667,1.9989,True
81579,mp-1186264,Nd3Br,-0.110742830625,0.5280357233333328,0.0,False
82174,mp-1185549,Mg149Br,-0.0220939183999998,0.0,0.0020999999999999,False
82316,mp-22893,PbI2,-0.6744412499999998,0.0009144133333336,2.3871,True
82520,mp-1056920,CsI,-1.515469918103448,0.032976965,3.6663,False
82668,mp-1206891,RhI3,-0.2871137262499999,0.0,1.0392,False
82877,mp-567336,CdI2,-0.5909880900000001,0.0011489085555556,2.367,True
83082,mp-1186558,PmBr2,-1.6070621041666666,0.0537242452777775,0.0,False
83280,mp-27397,IrBr3,-0.2986631599999998,0.0,1.5527,True
83365,mp-570492,CdI2,-0.5920798157692305,5.718278632493856e-05,2.4254,True
83483,mp-976581,Nd3I,-0.1336958143750002,0.3580056128124997,0.0,True
83579,mp-1187728,VI,0.5366014650000004,0.9008840425000004,0.0,False
83810,mp-568758,BiBr,-0.4799439743749998,0.0367391872916664,1.0369000000000002,False
83818,mp-570882,CdI2,-0.5910552983333331,0.0010817002222223,2.3817,True
83970,mp-865005,DyI3,-1.3737791162500002,0.0,2.1747,True
84673,mp-1186991,ScI3,-1.1909107699999997,0.0,1.6826,False
85113,mp-1194880,W5I16,-0.1486376102380959,2.8856428571977236e-05,0.8613,False
85325,mp-23226,Nb6I11,-0.4666462198529415,0.0,0.2782,False
85391,mp-624399,CdI2,-0.5904606994444445,0.001676299111111,2.3586,True
85474,mp-862986,PmBr3,-1.868384643125,0.0,2.8814,True
85782,mp-22901,KI,-1.4237335240000002,0.0697499449999998,3.24,True
85785,mp-23231,AgBr,-0.3360771683333334,0.037009185,0.7416,True
85813,mp-30034,MgBr2,-1.5112251033333333,0.0,4.4707,True
86725,mp-22858,TlI,-0.6572564675000003,0.0241498474999999,2.1382,True
86726,mp-22919,AgI,-0.1932107533333331,0.0913259850000001,0.7690000000000001,True
86784,mp-567687,CrI2,-0.2852696299999995,0.098945494444445,0.0,True
87303,mp-22892,RuBr3,-0.3236833337500005,0.001607661875,0.0,True
87306,mp-23264,TiI3,-0.8051483935416663,0.0,0.1681999999999996,False
87370,mp-568388,BiI,-0.2956570100000002,0.0263548708333334,0.8440000000000003,True
87395,mp-680172,CdI2,-0.5906057959090907,0.0015312026464646,2.3544,True
87406,mp-703595,Cd13I28,-0.5300000269512195,0.0332522399674795,0.0,True
87469,mp-862800,PrI3,-1.41143109875,0.0,1.952,False
87471,mp-865301,TmBr3,-1.8358881,0.0,2.987,True
87707,mp-1214775,AuBr2,-0.0076237466666665,0.1430392337500001,0.0,False
87804,mp-23302,RbI,-1.4411517601724142,0.0496787049999998,3.3455,True
87872,mp-568742,HgI2,-0.3140528316666667,0.0016705143749997,1.3751,True
88112,mp-1198538,Ta3Br7,-0.8916974537499996,0.0070309907499996,1.2614,False
88298,mp-23212,CuBr,-0.1928047531249999,0.0612365968749997,0.1699999999999999,True
88638,mp-1209830,PBr2,1.2611389926190475,1.60792996031746,1.7321999999999995,False
88751,mp-27772,Nb3I8,-0.5122086872727271,0.0,0.0569999999999995,False
88832,mp-567604,GeBr4,-0.6372943395,0.0002477920000001,2.9329,True
88977,mp-974315,RuI,0.8678441025000003,0.8678441025000012,0.0,True
89733,mp-1214506,C15Br7,0.2908530157386364,0.2908530157386355,1.2305,False
89842,mp-30954,GaI3,-0.5000462993749999,0.0,2.3616,True
90374,mp-569673,PrI2,-1.3219967358333335,0.0,0.0,False
90376,mp-570939,CdI2,-0.5917877294444445,0.0003492691111108,2.4157,True
90620,mp-1210109,NdBr2,-1.6857244116666663,0.0176850655555549,0.0,False
91226,mp-23182,SnI4,-0.3754470407499998,0.0,2.0284,True
91349,mp-570781,CdI2,-0.5917767705555556,0.0003602279999999,2.4076,True
91482,mp-976280,LiBr,-1.5733367500000002,0.0,4.9350000000000005,True
91589,mp-1195825,SiBr2,-0.664426055833333,0.0338855549999999,2.3621,False
92048,mp-1078195,SiI3,-0.3736994562499998,0.0001364693750001,2.9445,False
92307,mp-23311,EuBr2,-2.0414750336666674,0.0,1.0457999999999998,True
92319,mp-27924,TbBr,-1.2293896449999997,0.0111215708333336,0.0,True
92516,mp-1065933,YI,-0.8637649000000005,0.0964037008333331,0.0,False
92625,mp-1186815,Pu3I,0.0781014998437488,0.4455024557031279,0.0,False
92663,mp-1196387,W3I8,-0.1181155417045454,0.0521751382954533,1.0642999999999998,False
92862,mp-571091,CdI2,-0.5910380702380953,0.0010989283174602,2.3827,True
92879,mp-651155,TeI4,-0.1214175315000002,0.0031408665000001,1.7080000000000002,True
92883,mp-669358,CdI2,-0.5904543901515151,0.0016826084040404,2.3723,True
93094,mp-1185951,Mn3Br,0.7167370174999999,1.0231420925000003,0.0,False
93386,mp-684621,Cu13I15,-0.1318012357142853,0.013236999464286,0.0,True
93486,mp-975905,Mo3I,0.9773247624999994,1.1220178845833333,0.0,True
93543,mp-1105170,SnBr2,-0.7762761800000004,0.0057314266666663,2.4166,False
93883,mp-570534,Nd4Br9,-1.627460910576923,0.1414643157692303,0.0,False
94095,mp-1179985,PBr,-0.0073856960714282,0.2527075297023811,1.3954,False
94146,mp-1203015,TaBr5,-0.9492715047222214,0.0,2.051,False
94353,mp-680120,CdI2,-0.5906219112222222,0.0015150873333333,2.355,True
94506,mp-1008490,BiI3,0.1207391087499998,0.6037569300000001,0.0,False
94809,mp-571011,CsI4,-0.6754362247413794,0.0,1.7663000000000002,True
94828,mp-680422,CBr4,0.2093362255000002,0.2093362255,2.9111,True
94965,mp-973896,Ni3I,0.5289424975000001,0.5666617550000002,0.0,True
95134,mp-1184661,Hf3I,0.364453622500001,0.6594745200000007,0.0,False
95163,mp-1191061,Th2Br5,-1.4921763819047615,0.0707579966666669,0.0,False
95648,mp-1208286,ThBr2,-1.1574004108333331,0.3013383425000002,0.0,False
96314,mp-504902,SiBr2,-0.659548813666667,0.0387627971666662,2.6702,True
96362,mp-571593,CdI2,-0.5911844863888887,0.0009525121666669,2.387,True
97238,mp-27857,PdBr2,-0.3404413758333333,0.0,0.8992,True
97822,mp-30930,AlI3,-0.6723465387500003,0.0,3.2547,True
97825,mp-32880,CuBr,-0.2485738349999997,0.0054675149999998,0.4479999999999999,False
97894,mp-685014,In2Br3,-0.7555584612083337,0.0,2.1268,True
98087,mp-1186518,Pm3I,-0.1142490931250002,0.3551866962499997,0.0,False
98171,mp-1205567,Y2Br3,-1.539538341,0.0,0.6878000000000002,False
98361,mp-571166,CaBr2,-2.052141318333333,0.0004902600000002,4.4509,False
98799,mp-22874,PBr5,-0.3414294374404762,0.0,1.6257,True
98836,mp-540789,PbI2,-0.6726170183333332,0.0027386450000004,2.3951,True
99050,mp-1147532,CuBr2,-0.1063118366666667,0.2055988499999994,0.0,False
99317,mp-541610,GeBr2,-0.576134454583333,0.0,2.5973,True
99364,mp-567914,TeI4,-0.1168694022500002,0.0076889957499999,1.7864,True
99396,mp-624417,CdI2,-0.5904704689393938,0.0016665296161617,2.353,True
99572,mp-1184859,HI3,0.0522706428450001,0.0841167403124998,1.2436000000000005,False
100055,mp-1079694,CsI,-1.4348681543534485,0.1135787287499998,3.1258,False
100127,mp-1186382,Pa3Br,0.0999633374999984,0.5503184671875001,0.0,False
100617,mp-1184273,EuBr2,-2.039380506666667,0.0020945270000005,1.0628000000000002,False
100821,mp-22863,CuI,-0.1426756524999999,0.01351937,1.5721999999999996,True
100848,mp-504781,NpI3,-0.5448469296875,0.0,0.0003999999999999,False
100873,mp-571232,YbBr2,-2.10901692,0.000669105,4.4692,True
101387,mp-567402,CdI2,-0.5910235305555555,0.001113468,2.375,True
101408,mp-650841,GaBr2,-0.7702202480555557,0.010339266111111,3.3617,True
101414,mp-680116,CdI2,-0.5906944319047621,0.0014425666507937,2.3523,True
101740,mp-22867,RbBr,-1.7475509451724136,0.0,4.1927,True
101744,mp-23197,TlI,-0.6296528600000002,0.051753455,1.883,True
101759,mp-27642,PaBr5,-1.4525930391666666,0.0,1.9593,True
101872,mp-568546,In5Br7,-0.7370982065972219,0.0049732759375005,2.0779,True
101894,mp-624406,CdI2,-0.5904000979999999,0.0017369005555556,2.3498,True
101914,mp-684580,AgI,-0.2835320283333331,0.0010047100000001,1.3146,False
102235,mp-28495,ZrBr2,-1.2400776033333338,0.0332221083333337,0.0,True
102282,mp-568273,LiI,-1.1994872974999995,0.0362202124999999,4.224500000000001,True
102482,mp-974474,ReBr,1.3064591762500006,1.507749351607143,0.0,True
102781,mp-22854,Pr2I5,-1.4145048214285711,0.0,0.1295000000000001,True
102783,mp-23192,HgI2,-0.3154334866666666,0.000289859375,1.3282999999999998,True
102784,mp-23223,TiI3,-0.8011616216666666,0.0039867718749997,0.0,True
102868,mp-680094,CdI2,-0.5904315268181818,0.0017054717373736,2.3506,True
102869,mp-680205,PbI2,-0.6722340544444446,0.0031216088888887,2.3541,True
103373,mp-570301,AgBr,-0.3317342058333334,0.0413521475,0.7132000000000001,True
103389,mp-669496,PtI4,-0.1325358944999997,0.0,0.6923999999999997,True
103823,mp-27637,NiBr2,-0.3627778999999999,0.0,0.0,True
103875,mp-570679,TaI5,-0.4582169089583334,0.0,1.1727,True
104092,mp-1196036,WI3,-0.1078483468749998,0.0482514431250002,1.0703,False
104268,mp-30031,CaI2,-1.6457300683333334,0.0,3.9035,True
105368,mp-685068,YbBr3,-1.3483221999999997,0.2339423187500005,0.0,True
105624,mp-1185590,Mg149I,-0.0175857402666666,0.0,0.0024999999999999,False
105675,mp-1197830,CI,0.9507070043750004,0.9507070043750004,3.4057,False
105824,mp-27934,CdBr2,-0.8903400116666665,0.0,2.9384,True
105857,mp-567483,CdI2,-0.5910184427777776,0.0011185557777779,2.3829,True
106026,mp-1064427,GdBr,-1.2220372874999992,0.0577732133333359,0.0,False
106146,mp-1207336,PbI6,0.4048811428571431,0.6943192842857149,0.0972999999999997,False
106328,mp-23288,AlBr3,-1.121820686875,0.0,4.0967,True
106339,mp-27747,PdI2,-0.2511944116666669,0.0,0.9081,True
106382,mp-568289,CdI2,-0.5903013461111111,0.0018356524444442,2.3959,True
107289,mp-571442,YI3,-1.44025290125,0.0,3.0409,True
107806,mp-540672,Ti7Br16,-1.1517253615942031,0.0,0.0,True
107831,mp-571654,CdI2,-0.5914954086111109,0.0006415899444442,2.3876,True
107974,mp-977375,HoBr3,-1.84647132125,0.0,2.8413,True
107976,mp-978272,Mg3Br,-0.1187892924999998,0.4523277395370371,0.0,False
108650,mp-1208711,SmBr2,-1.6696240908333333,0.0207345308333328,0.0,False
108893,mp-680055,CdI2,-0.5904858368181818,0.0016511617373737,2.3639,True
109125,mp-1206888,DyI6,-0.095746727142857,0.6892699107142861,0.0377999999999998,False
109276,mp-23221,PrBr3,-1.914331335,0.0,3.4284,True
109383,mp-636675,Ga2I3,-0.4319675844999999,0.0,2.2225,False
109386,mp-640058,PbI2,-0.6730530699999997,0.0023025933333333,2.4062,True
109857,mp-672351,Sm6Br13,-1.5790234136842105,0.1558183296052631,0.0,True
110033,mp-1078181,SiBr3,-0.7817461324999999,0.0038544296875002,3.9433,False
110231,mp-23177,HgBr,-0.4273906074999999,0.0,2.286,True
110290,mp-567442,CdI2,-0.5909379044444442,0.0011990941111112,2.3718,True
110294,mp-569510,CdI2,-0.59113705625,0.0009999423055555,2.3729,True
111319,mp-28880,W3Br7,-0.4542203433750004,0.037895821416666,0.0,False
111339,mp-505366,AuBr,-0.1367597149999997,0.0,1.6887000000000003,True
111364,mp-567471,HgI2,-0.3145670274999999,0.0011563185416667,1.3495,True
111367,mp-568927,AgI,-0.1806643408333332,0.1038723975,0.9072,True
111369,mp-570506,ZrI2,-0.8951781925000001,0.0,0.2938999999999998,True
111371,mp-571559,CdI2,-0.591135254,0.0010017445555554,2.3719,True
111372,mp-571579,CdI2,-0.5920399326666667,9.70658888888032e-05,2.4388,True
111471,mp-865534,YBr2,-1.55005889,0.1589733111111115,0.0,True
111638,mp-1207230,MgBr6,0.0380424028571429,0.6857103042857138,0.1291999999999999,False
111796,mp-22870,InBr,-0.6746365891666666,0.0,1.3112,True
111830,mp-28988,In7Br9,-0.7158392592708331,0.009373499921875,1.5437999999999998,True
111898,mp-570559,CdI2,-0.591037589,0.0010994095555556,2.385,True
112335,mp-571222,CsBr,-1.789854908103448,0.0,4.2579,True
112376,mp-680153,CdI2,-0.590665439126984,0.0014715594285714,2.3594,True
112785,mp-541013,TiI4,-0.7302077473333337,0.0,1.0878,True
112835,mp-680163,CdI2,-0.5907668751333336,0.001370123422222,2.3317,False
112962,mp-861867,AcI3,-1.5182595216666668,0.0,2.5888,True
113067,mp-1095094,SnI3,-0.2770031037500002,0.1429070798437495,0.0,False
113437,mp-861891,SeBr2,-0.0368760528645832,0.0906100365885414,0.8221,True
113616,mp-1185925,Mn3I,0.8092296025000003,0.9799440662500007,0.0,False
113623,mp-1186696,Pr3Br,-0.1455665937500003,0.5032983594999996,0.0,False
113787,mp-23268,NaI,-1.26469161225,0.0,3.5255,True
113801,mp-27529,PI3,-0.0584214030357146,0.0,2.2779,True
113859,mp-567789,InI3,-0.5003733214583335,0.0,2.2698,True
113861,mp-568690,CdBr2,-0.8893655983333334,0.0009744133333331,2.8772,True
113867,mp-571535,CdI2,-0.5911023645833332,0.0010346339722224,2.3788,True
113884,mp-685043,BBr,-0.3451380813888889,0.0086569097222222,1.2319,True
113964,mp-862868,PbBr2,-0.9353369366666664,0.0,2.5844,True
114381,mp-574086,SiBr4,-0.8379111484999996,6.278450000030135e-05,4.1056,True
114861,mp-569017,PdI2,-0.2349565166666666,0.0162378950000001,0.8779999999999999,True
114864,mp-571235,ZrI4,-0.9276678553333332,0.0,2.0148,True
115382,mp-680118,CdI2,-0.5905589643333333,0.0015780342222222,2.3483,True
115491,mp-975592,Pr3I,-0.1501893799999996,0.3455593959375003,0.0,True
115594,mp-1186984,ScBr3,-1.6730796849999998,0.0,2.2422,False
115749,mp-27213,AuBr3,-0.1576146131249998,0.0,0.8069000000000001,True
115750,mp-27785,TiBr2,-1.0443605288888893,0.0593762759722213,0.0,False
117301,mp-22916,NaBr,-1.5737032622499998,0.0,4.0899,True
117534,mp-1095321,WBr5,-0.4728475700000002,0.0088864161805557,0.0,False
117836,mp-568838,Hg4I7,-0.2282975754545454,0.0769450922159091,0.0,True
117843,mp-570285,SiBr4,-0.837973933,0.0,4.1057,True
117844,mp-570552,CdI2,-0.5920438537179484,9.314483760691772e-05,2.4244000000000003,True
118225,mp-27194,SnI2,-0.4940154216666666,0.0,1.7218999999999998,True
118233,mp-28319,PtI2,-0.1659946058333332,0.0,1.2280000000000002,True
118288,mp-574189,PbI2,-0.6720506125000002,0.0033050508333332,2.4069000000000003,False
118473,mp-866003,ErI3,-1.34629650625,0.0,2.0386,True
118486,mp-979268,Tl3Br,-0.2984634625,0.1443152899999997,0.0,True
118528,mp-1064979,NaI,-1.14650050475,0.1181911074999999,4.0274,False
118653,mp-1105984,TeI7,0.0396298612499999,0.11747886,0.0,False
118815,mp-29498,WBr2,-0.4947117094444443,0.0,2.4659,True
118858,mp-571635,CdI2,-0.5916171411111111,0.0005198574444442,2.457,True
118946,mp-862329,ScI2,-1.0110856649999995,0.1145881143333342,0.0,False
118973,mp-974371,Rh3Br,0.670865974999999,0.82067753875,0.0,True
121600,mp-867231,TbI3,-1.3827369149999995,0.0,2.0937,True
121602,mp-867247,TbBr3,-1.8607668237500008,0.0,2.857,True
121619,mp-867355,TeBr2,-0.1868419666666664,0.1401995998809524,0.6528999999999999,True
121834,mp-867893,SmI3,-1.399012248125,0.0,2.0145,True
